product_id,source_id,name,description,category,sub_category,gender,color,price,image_path,canonical_text,source_dataset,source_master_category,source_sub_category,source_article_type,mapping_rule
FP001528,1528,Puma Men Ferrari Black Fleece Jacket,,Clothing,Jacket,Men,Black,,images/FP001528.jpg,Product: Puma Men Ferrari Black Fleece Jacket. Category: Clothing. Subcategory: Jacket. Gender: Men. Color: Black.,Fashion Product Images Small,Apparel,Topwear,Jackets,Exact articleType: Jackets
FP001531,1531,Puma Men Grey Solid Round Neck T-Shirt,,Clothing,T-Shirt,Men,Grey,,images/FP001531.jpg,Product: Puma Men Grey Solid Round Neck T-Shirt. Category: Clothing. Subcategory: T-Shirt. Gender: Men. Color: Grey.,Fashion Product Images Small,Apparel,Topwear,Tshirts,Tshirts
FP001609,1609,Reebok Women Boat-Neck Wildberry Sweatshirt,,Clothing,Sweatshirt,Women,Pink,,images/FP001609.jpg,Product: Reebok Women Boat-Neck Wildberry Sweatshirt. Category: Clothing. Subcategory: Sweatshirt. Gender: Women. Color: Pink.,Fashion Product Images Small,Apparel,Topwear,Sweatshirts,Exact articleType: Sweatshirts
FP001622,1622,Reebok Navy Knit Rib Jacket,,Clothing,Jacket,Men,Navy Blue,,images/FP001622.jpg,Product: Reebok Navy Knit Rib Jacket. Category: Clothing. Subcategory: Jacket. Gender: Men. Color: Navy Blue.,Fashion Product Images Small,Apparel,Topwear,Jackets,Exact articleType: Jackets
FP001637,1637,Nike Men White Cricket Shoes,,Shoes,Sports Shoes,Men,White,,images/FP001637.jpg,Product: Nike Men White Cricket Shoes. Category: Shoes. Subcategory: Sports Shoes. Gender: Men. Color: White.,Fashion Product Images Small,Footwear,Shoes,Sports Shoes,Exact articleType: Sports Shoes
FP001752,1752,Lotto Men Red Epic T-shirt,,Clothing,T-Shirt,Men,Red,,images/FP001752.jpg,Product: Lotto Men Red Epic T-shirt. Category: Clothing. Subcategory: T-Shirt. Gender: Men. Color: Red.,Fashion Product Images Small,Apparel,Topwear,Tshirts,Tshirts
FP001803,1803,Tribord Unisex Black T-shirt,,Clothing,T-Shirt,Unisex,Black,,images/FP001803.jpg,Product: Tribord Unisex Black T-shirt. Category: Clothing. Subcategory: T-Shirt. Gender: Unisex. Color: Black.,Fashion Product Images Small,Apparel,Topwear,Tshirts,Tshirts
FP001861,1861,Inkfruit Men Graff Wars T-shirt,,Clothing,T-Shirt,Men,White,,images/FP001861.jpg,Product: Inkfruit Men Graff Wars T-shirt. Category: Clothing. Subcategory: T-Shirt. Gender: Men. Color: White.,Fashion Product Images Small,Apparel,Topwear,Tshirts,Tshirts
FP001867,1867,Inkfruit Men Nayak Nahi T-shirt,,Clothing,T-Shirt,Men,Blue,,images/FP001867.jpg,Product: Inkfruit Men Nayak Nahi T-shirt. Category: Clothing. Subcategory: T-Shirt. Gender: Men. Color: Blue.,Fashion Product Images Small,Apparel,Topwear,Tshirts,Tshirts
FP001917,1917,Puma Men White Sneakers,,Shoes,Casual Shoes,Men,White,,images/FP001917.jpg,Product: Puma Men White Sneakers. Category: Shoes. Subcategory: Casual Shoes. Gender: Men. Color: White.,Fashion Product Images Small,Footwear,Shoes,Casual Shoes,Exact articleType: Casual Shoes
FP001932,1932,Quechua Women Arpenaz Flex Grey Shoe,,Shoes,Casual Shoes,Women,Grey,,images/FP001932.jpg,Product: Quechua Women Arpenaz Flex Grey Shoe. Category: Shoes. Subcategory: Casual Shoes. Gender: Women. Color: Grey.,Fashion Product Images Small,Footwear,Shoes,Casual Shoes,Exact articleType: Casual Shoes
FP001937,1937,Kalenji Women Black Pink Shoe,,Shoes,Sports Shoes,Women,Black,,images/FP001937.jpg,Product: Kalenji Women Black Pink Shoe. Category: Shoes. Subcategory: Sports Shoes. Gender: Women. Color: Black.,Fashion Product Images Small,Footwear,Shoes,Sports Shoes,Exact articleType: Sports Shoes
FP001942,1942,Puma Mens Reggae All Night White T-shirt,,Clothing,T-Shirt,Men,White,,images/FP001942.jpg,Product: Puma Mens Reggae All Night White T-shirt. Category: Clothing. Subcategory: T-Shirt. Gender: Men. Color: White.,Fashion Product Images Small,Apparel,Topwear,Tshirts,Tshirts
FP002029,2029,ADIDAS Mens Stripped Polo T-shirt,,Clothing,Polo,Men,Blue,,images/FP002029.jpg,Product: ADIDAS Mens Stripped Polo T-shirt. Category: Clothing. Subcategory: Polo. Gender: Men. Color: Blue.,Fashion Product Images Small,Apparel,Topwear,Tshirts,Tshirts + product name contains Polo
FP002030,2030,ADIDAS Men's Black Knight T-shirt,,Clothing,T-Shirt,Men,Black,,images/FP002030.jpg,Product: ADIDAS Men's Black Knight T-shirt. Category: Clothing. Subcategory: T-Shirt. Gender: Men. Color: Black.,Fashion Product Images Small,Apparel,Topwear,Tshirts,Tshirts
FP002031,2031,ADIDAS Men Collared Track Jacket,,Clothing,Jacket,Men,Black,,images/FP002031.jpg,Product: ADIDAS Men Collared Track Jacket. Category: Clothing. Subcategory: Jacket. Gender: Men. Color: Black.,Fashion Product Images Small,Apparel,Topwear,Jackets,Exact articleType: Jackets
FP002089,2089,Adidas Mens Pocket Polo T-shirt,,Clothing,Polo,Men,Purple,,images/FP002089.jpg,Product: Adidas Mens Pocket Polo T-shirt. Category: Clothing. Subcategory: Polo. Gender: Men. Color: Purple.,Fashion Product Images Small,Apparel,Topwear,Tshirts,Tshirts + product name contains Polo
FP002151,2151,Basics Men Red & Blue Polo T-shirt,,Clothing,Polo,Men,White,,images/FP002151.jpg,Product: Basics Men Red & Blue Polo T-shirt. Category: Clothing. Subcategory: Polo. Gender: Men. Color: White.,Fashion Product Images Small,Apparel,Topwear,Tshirts,Tshirts + product name contains Polo
FP002155,2155,Basics Men Green & Black Polo T-shirt,,Clothing,Polo,Men,Green,,images/FP002155.jpg,Product: Basics Men Green & Black Polo T-shirt. Category: Clothing. Subcategory: Polo. Gender: Men. Color: Green.,Fashion Product Images Small,Apparel,Topwear,Tshirts,Tshirts + product name contains Polo
FP002157,2157,Basics Men Yellow Polo T-shirt,,Clothing,Polo,Men,Yellow,,images/FP002157.jpg,Product: Basics Men Yellow Polo T-shirt. Category: Clothing. Subcategory: Polo. Gender: Men. Color: Yellow.,Fashion Product Images Small,Apparel,Topwear,Tshirts,Tshirts + product name contains Polo
FP002181,2181,Probase Men Aqua T-shirt,,Clothing,T-Shirt,Men,Blue,,images/FP002181.jpg,Product: Probase Men Aqua T-shirt. Category: Clothing. Subcategory: T-Shirt. Gender: Men. Color: Blue.,Fashion Product Images Small,Apparel,Topwear,Tshirts,Tshirts
FP002210,2210,ADIDAS Men 3 Stripe Black Polo T-shirt,,Clothing,Polo,Men,Black,,images/FP002210.jpg,Product: ADIDAS Men 3 Stripe Black Polo T-shirt. Category: Clothing. Subcategory: Polo. Gender: Men. Color: Black.,Fashion Product Images Small,Apparel,Topwear,Tshirts,Tshirts + product name contains Polo
FP002231,2231,Puma Men Grey Sandal,,Shoes,Sandals,Men,Grey,,images/FP002231.jpg,Product: Puma Men Grey Sandal. Category: Shoes. Subcategory: Sandals. Gender: Men. Color: Grey.,Fashion Product Images Small,Footwear,Sandal,Sandals,Exact articleType: Sandals
FP002232,2232,ADIDAS Men Stripe Red White Polo T-shirt,,Clothing,Polo,Men,White,,images/FP002232.jpg,Product: ADIDAS Men Stripe Red White Polo T-shirt. Category: Clothing. Subcategory: Polo. Gender: Men. Color: White.,Fashion Product Images Small,Apparel,Topwear,Tshirts,Tshirts + product name contains Polo
FP002235,2235,Puma Men Gypsy Black Sandal,,Shoes,Sandals,Men,Black,,images/FP002235.jpg,Product: Puma Men Gypsy Black Sandal. Category: Shoes. Subcategory: Sandals. Gender: Men. Color: Black.,Fashion Product Images Small,Footwear,Sandal,Sandals,Exact articleType: Sandals
FP002241,2241,ADIDAS Men Green T-shirt,,Clothing,T-Shirt,Men,Green,,images/FP002241.jpg,Product: ADIDAS Men Green T-shirt. Category: Clothing. Subcategory: T-Shirt. Gender: Men. Color: Green.,Fashion Product Images Small,Apparel,Topwear,Tshirts,Tshirts
FP002257,2257,ADIDAS Men White & Black Polo T-shirt,,Clothing,Polo,Men,White,,images/FP002257.jpg,Product: ADIDAS Men White & Black Polo T-shirt. Category: Clothing. Subcategory: Polo. Gender: Men. Color: White.,Fashion Product Images Small,Apparel,Topwear,Tshirts,Tshirts + product name contains Polo
FP002291,2291,Nike Men White Polo T-shirt,,Clothing,Polo,Men,White,,images/FP002291.jpg,Product: Nike Men White Polo T-shirt. Category: Clothing. Subcategory: Polo. Gender: Men. Color: White.,Fashion Product Images Small,Apparel,Topwear,Tshirts,Tshirts + product name contains Polo
FP002331,2331,Reebok Men Heather Grey T-shirt,,Clothing,T-Shirt,Men,Grey,,images/FP002331.jpg,Product: Reebok Men Heather Grey T-shirt. Category: Clothing. Subcategory: T-Shirt. Gender: Men. Color: Grey.,Fashion Product Images Small,Apparel,Topwear,Tshirts,Tshirts
FP002374,2374,Red Tape Semi Casual Men's Shoe,,Shoes,Casual Shoes,Men,Brown,,images/FP002374.jpg,Product: Red Tape Semi Casual Men's Shoe. Category: Shoes. Subcategory: Casual Shoes. Gender: Men. Color: Brown.,Fashion Product Images Small,Footwear,Shoes,Casual Shoes,Exact articleType: Casual Shoes
FP002400,2400,Puma Navy Blue Men's T-shirt,,Clothing,T-Shirt,Men,Navy Blue,,images/FP002400.jpg,Product: Puma Navy Blue Men's T-shirt. Category: Clothing. Subcategory: T-Shirt. Gender: Men. Color: Navy Blue.,Fashion Product Images Small,Apparel,Topwear,Tshirts,Tshirts
FP002498,2498,Numero Uno Men's Casual Black Canvas Shoe,,Shoes,Casual Shoes,Men,Black,,images/FP002498.jpg,Product: Numero Uno Men's Casual Black Canvas Shoe. Category: Shoes. Subcategory: Casual Shoes. Gender: Men. Color: Black.,Fashion Product Images Small,Footwear,Shoes,Casual Shoes,Exact articleType: Casual Shoes
FP002504,2504,Numero Uno Men's Casual White Canvas Shoe,,Shoes,Casual Shoes,Men,White,,images/FP002504.jpg,Product: Numero Uno Men's Casual White Canvas Shoe. Category: Shoes. Subcategory: Casual Shoes. Gender: Men. Color: White.,Fashion Product Images Small,Footwear,Shoes,Casual Shoes,Exact articleType: Casual Shoes
FP002505,2505,Numero Uno Men's Casual Black Shoe,,Shoes,Casual Shoes,Men,Black,,images/FP002505.jpg,Product: Numero Uno Men's Casual Black Shoe. Category: Shoes. Subcategory: Casual Shoes. Gender: Men. Color: Black.,Fashion Product Images Small,Footwear,Shoes,Casual Shoes,Exact articleType: Casual Shoes
FP002682,2682,Inkfruit Men's Hues Blue T-shirt,,Clothing,T-Shirt,Men,Navy Blue,,images/FP002682.jpg,Product: Inkfruit Men's Hues Blue T-shirt. Category: Clothing. Subcategory: T-Shirt. Gender: Men. Color: Navy Blue.,Fashion Product Images Small,Apparel,Topwear,Tshirts,Tshirts
FP002685,2685,Inkfruit Women's Mesmerize Black T-shirt,,Clothing,T-Shirt,Women,Black,,images/FP002685.jpg,Product: Inkfruit Women's Mesmerize Black T-shirt. Category: Clothing. Subcategory: T-Shirt. Gender: Women. Color: Black.,Fashion Product Images Small,Apparel,Topwear,Tshirts,Tshirts
FP002749,2749,Classic Polo Men's Grey stripe T-shirt,,Clothing,Polo,Men,Grey,,images/FP002749.jpg,Product: Classic Polo Men's Grey stripe T-shirt. Category: Clothing. Subcategory: Polo. Gender: Men. Color: Grey.,Fashion Product Images Small,Apparel,Topwear,Tshirts,Tshirts + product name contains Polo
FP002751,2751,Classic Polo Mens  T-shirt,,Clothing,Polo,Men,Grey,,images/FP002751.jpg,Product: Classic Polo Mens  T-shirt. Category: Clothing. Subcategory: Polo. Gender: Men. Color: Grey.,Fashion Product Images Small,Apparel,Topwear,Tshirts,Tshirts + product name contains Polo
FP002788,2788,Ediots Men's Chronological Status Yellow T-shirt,,Clothing,T-Shirt,Men,Yellow,,images/FP002788.jpg,Product: Ediots Men's Chronological Status Yellow T-shirt. Category: Clothing. Subcategory: T-Shirt. Gender: Men. Color: Yellow.,Fashion Product Images Small,Apparel,Topwear,Tshirts,Tshirts
FP002837,2837,Mr.Men Maroon T-shirt,,Clothing,T-Shirt,Men,Maroon,,images/FP002837.jpg,Product: Mr.Men Maroon T-shirt. Category: Clothing. Subcategory: T-Shirt. Gender: Men. Color: Maroon.,Fashion Product Images Small,Apparel,Topwear,Tshirts,Tshirts
FP002840,2840,Mr.Men Men's Its Gonna Get Messy White T-shirt,,Clothing,T-Shirt,Men,White,,images/FP002840.jpg,Product: Mr.Men Men's Its Gonna Get Messy White T-shirt. Category: Clothing. Subcategory: T-Shirt. Gender: Men. Color: White.,Fashion Product Images Small,Apparel,Topwear,Tshirts,Tshirts
FP002974,2974,Puma Women's Heroes Green T-shirt,,Clothing,T-Shirt,Women,Green,,images/FP002974.jpg,Product: Puma Women's Heroes Green T-shirt. Category: Clothing. Subcategory: T-Shirt. Gender: Women. Color: Green.,Fashion Product Images Small,Apparel,Topwear,Tshirts,Tshirts
FP002977,2977,Puma Women's Punk Graphic White T-shirt,,Clothing,T-Shirt,Women,White,,images/FP002977.jpg,Product: Puma Women's Punk Graphic White T-shirt. Category: Clothing. Subcategory: T-Shirt. Gender: Women. Color: White.,Fashion Product Images Small,Apparel,Topwear,Tshirts,Tshirts
FP003027,3027,Lee Women Fergie Orange T-shirt,,Clothing,T-Shirt,Women,Red,,images/FP003027.jpg,Product: Lee Women Fergie Orange T-shirt. Category: Clothing. Subcategory: T-Shirt. Gender: Women. Color: Red.,Fashion Product Images Small,Apparel,Topwear,Tshirts,Tshirts
FP003069,3069,Tantra Women Cream T-shirt,,Clothing,T-Shirt,Women,Cream,,images/FP003069.jpg,Product: Tantra Women Cream T-shirt. Category: Clothing. Subcategory: T-Shirt. Gender: Women. Color: Cream.,Fashion Product Images Small,Apparel,Topwear,Tshirts,Tshirts
FP003070,3070,Tantra Women's Shlokas Green T-shirt,,Clothing,T-Shirt,Women,Green,,images/FP003070.jpg,Product: Tantra Women's Shlokas Green T-shirt. Category: Clothing. Subcategory: T-Shirt. Gender: Women. Color: Green.,Fashion Product Images Small,Apparel,Topwear,Tshirts,Tshirts
FP003103,3103,Probase Men's Wtf Blue T-Shirt,,Clothing,T-Shirt,Men,Navy Blue,,images/FP003103.jpg,Product: Probase Men's Wtf Blue T-Shirt. Category: Clothing. Subcategory: T-Shirt. Gender: Men. Color: Navy Blue.,Fashion Product Images Small,Apparel,Topwear,Tshirts,Tshirts
FP003159,3159,Nike Men's Air Max Moto White Blue Shoe,,Shoes,Sports Shoes,Men,White,,images/FP003159.jpg,Product: Nike Men's Air Max Moto White Blue Shoe. Category: Shoes. Subcategory: Sports Shoes. Gender: Men. Color: White.,Fashion Product Images Small,Footwear,Shoes,Sports Shoes,Exact articleType: Sports Shoes
FP003191,3191,Tantra Men's Prism Green T-shirt,,Clothing,T-Shirt,Men,Green,,images/FP003191.jpg,Product: Tantra Men's Prism Green T-shirt. Category: Clothing. Subcategory: T-Shirt. Gender: Men. Color: Green.,Fashion Product Images Small,Apparel,Topwear,Tshirts,Tshirts
FP003203,3203,Tantra Men's Who Are You Red T-shirt,,Clothing,T-Shirt,Men,Red,,images/FP003203.jpg,Product: Tantra Men's Who Are You Red T-shirt. Category: Clothing. Subcategory: T-Shirt. Gender: Men. Color: Red.,Fashion Product Images Small,Apparel,Topwear,Tshirts,Tshirts
FP003213,3213,Nike Women Sweet Classic White Light Green Shoe,,Shoes,Sports Shoes,Women,White,,images/FP003213.jpg,Product: Nike Women Sweet Classic White Light Green Shoe. Category: Shoes. Subcategory: Sports Shoes. Gender: Women. Color: White.,Fashion Product Images Small,Footwear,Shoes,Sports Shoes,Exact articleType: Sports Shoes
FP003284,3284,Guerrilla Men's Move It Move On Red T-shirt,,Clothing,T-Shirt,Men,Red,,images/FP003284.jpg,Product: Guerrilla Men's Move It Move On Red T-shirt. Category: Clothing. Subcategory: T-Shirt. Gender: Men. Color: Red.,Fashion Product Images Small,Apparel,Topwear,Tshirts,Tshirts
FP003349,3349,Myntra Men's Expected Career Path Black T-shirt,,Clothing,T-Shirt,Men,Navy Blue,,images/FP003349.jpg,Product: Myntra Men's Expected Career Path Black T-shirt. Category: Clothing. Subcategory: T-Shirt. Gender: Men. Color: Navy Blue.,Fashion Product Images Small,Apparel,Topwear,Tshirts,Tshirts
FP003363,3363,Myntra Women Creative designs Black T-shirt,,Clothing,T-Shirt,Women,Black,,images/FP003363.jpg,Product: Myntra Women Creative designs Black T-shirt. Category: Clothing. Subcategory: T-Shirt. Gender: Women. Color: Black.,Fashion Product Images Small,Apparel,Topwear,Tshirts,Tshirts
FP003372,3372,Asics Men's Gel Cushioning Grey Lime Sport Running Shoe,,Shoes,Sports Shoes,Men,Grey,,images/FP003372.jpg,Product: Asics Men's Gel Cushioning Grey Lime Sport Running Shoe. Category: Shoes. Subcategory: Sports Shoes. Gender: Men. Color: Grey.,Fashion Product Images Small,Footwear,Shoes,Sports Shoes,Exact articleType: Sports Shoes
FP003409,3409,Myntra Men's Not tonight ladies T-shirt,,Clothing,T-Shirt,Men,White,,images/FP003409.jpg,Product: Myntra Men's Not tonight ladies T-shirt. Category: Clothing. Subcategory: T-Shirt. Gender: Men. Color: White.,Fashion Product Images Small,Apparel,Topwear,Tshirts,Tshirts
FP003427,3427,Myntra Men's I Have Healing Hand Black T-shirt,,Clothing,T-Shirt,Men,Black,,images/FP003427.jpg,Product: Myntra Men's I Have Healing Hand Black T-shirt. Category: Clothing. Subcategory: T-Shirt. Gender: Men. Color: Black.,Fashion Product Images Small,Apparel,Topwear,Tshirts,Tshirts
FP003446,3446,Pune Warriors Mens Match Jersey,,Clothing,T-Shirt,Men,Black,,images/FP003446.jpg,Product: Pune Warriors Mens Match Jersey. Category: Clothing. Subcategory: T-Shirt. Gender: Men. Color: Black.,Fashion Product Images Small,Apparel,Topwear,Tshirts,Tshirts
FP003459,3459,ADIDAS Men's Besulik Trainer White Black Red Shoe,,Shoes,Sports Shoes,Men,White,,images/FP003459.jpg,Product: ADIDAS Men's Besulik Trainer White Black Red Shoe. Category: Shoes. Subcategory: Sports Shoes. Gender: Men. Color: White.,Fashion Product Images Small,Footwear,Shoes,Sports Shoes,Exact articleType: Sports Shoes
FP003524,3524,Myntra Men's Work Hard/ Smart Black T-shirt,,Clothing,T-Shirt,Men,Black,,images/FP003524.jpg,Product: Myntra Men's Work Hard/ Smart Black T-shirt. Category: Clothing. Subcategory: T-Shirt. Gender: Men. Color: Black.,Fashion Product Images Small,Apparel,Topwear,Tshirts,Tshirts
FP003560,3560,Skechers Men Off White Lifestyle Casual Shoe,,Shoes,Casual Shoes,Men,White,,images/FP003560.jpg,Product: Skechers Men Off White Lifestyle Casual Shoe. Category: Shoes. Subcategory: Casual Shoes. Gender: Men. Color: White.,Fashion Product Images Small,Footwear,Shoes,Casual Shoes,Exact articleType: Casual Shoes
FP003570,3570,ADIDAS Men's Natural Brown Shoe,,Shoes,Casual Shoes,Men,Black,,images/FP003570.jpg,Product: ADIDAS Men's Natural Brown Shoe. Category: Shoes. Subcategory: Casual Shoes. Gender: Men. Color: Black.,Fashion Product Images Small,Footwear,Shoes,Casual Shoes,Exact articleType: Casual Shoes
FP003607,3607,Converse Men's Chuck Taylor Print OX Black Canvas Shoe,,Shoes,Casual Shoes,Men,Black,,images/FP003607.jpg,Product: Converse Men's Chuck Taylor Print OX Black Canvas Shoe. Category: Shoes. Subcategory: Casual Shoes. Gender: Men. Color: Black.,Fashion Product Images Small,Footwear,Shoes,Casual Shoes,Exact articleType: Casual Shoes
FP003635,3635,Puma Unisex White Speeder Sports Shoes,,Shoes,Sports Shoes,Unisex,White,,images/FP003635.jpg,Product: Puma Unisex White Speeder Sports Shoes. Category: Shoes. Subcategory: Sports Shoes. Gender: Unisex. Color: White.,Fashion Product Images Small,Footwear,Shoes,Sports Shoes,Exact articleType: Sports Shoes
FP003684,3684,Inkfruit Men's Into The Wild Navy T-shirt,,Clothing,T-Shirt,Men,Navy Blue,,images/FP003684.jpg,Product: Inkfruit Men's Into The Wild Navy T-shirt. Category: Clothing. Subcategory: T-Shirt. Gender: Men. Color: Navy Blue.,Fashion Product Images Small,Apparel,Topwear,Tshirts,Tshirts
FP003690,3690,Lotto Men's Honololu White Dark Red Shoe,,Shoes,Sports Shoes,Men,White,,images/FP003690.jpg,Product: Lotto Men's Honololu White Dark Red Shoe. Category: Shoes. Subcategory: Sports Shoes. Gender: Men. Color: White.,Fashion Product Images Small,Footwear,Shoes,Sports Shoes,Exact articleType: Sports Shoes
FP003705,3705,Classic Polo Men Pink Black Stripes T-shirt,,Clothing,Polo,Men,Pink,,images/FP003705.jpg,Product: Classic Polo Men Pink Black Stripes T-shirt. Category: Clothing. Subcategory: Polo. Gender: Men. Color: Pink.,Fashion Product Images Small,Apparel,Topwear,Tshirts,Tshirts + product name contains Polo
FP003709,3709,Classic Polo Men's Purple Black Stripe T-shirt,,Clothing,Polo,Men,Purple,,images/FP003709.jpg,Product: Classic Polo Men's Purple Black Stripe T-shirt. Category: Clothing. Subcategory: Polo. Gender: Men. Color: Purple.,Fashion Product Images Small,Apparel,Topwear,Tshirts,Tshirts + product name contains Polo
FP003722,3722,Lee Men's Green Cowboy T-shirt,,Clothing,T-Shirt,Men,Green,,images/FP003722.jpg,Product: Lee Men's Green Cowboy T-shirt. Category: Clothing. Subcategory: T-Shirt. Gender: Men. Color: Green.,Fashion Product Images Small,Apparel,Topwear,Tshirts,Tshirts
FP003742,3742,Tantra Kid's Gizmo Black Kidswear,,Clothing,T-Shirt,Unisex,Black,,images/FP003742.jpg,Product: Tantra Kid's Gizmo Black Kidswear. Category: Clothing. Subcategory: T-Shirt. Gender: Unisex. Color: Black.,Fashion Product Images Small,Apparel,Topwear,Tshirts,Tshirts
FP003755,3755,Status Quo Men's Concerts Black T-shirt,,Clothing,T-Shirt,Men,Black,,images/FP003755.jpg,Product: Status Quo Men's Concerts Black T-shirt. Category: Clothing. Subcategory: T-Shirt. Gender: Men. Color: Black.,Fashion Product Images Small,Apparel,Topwear,Tshirts,Tshirts
FP003765,3765,Status Quo Men's Unplugged Yellow T-shirt,,Clothing,T-Shirt,Men,Yellow,,images/FP003765.jpg,Product: Status Quo Men's Unplugged Yellow T-shirt. Category: Clothing. Subcategory: T-Shirt. Gender: Men. Color: Yellow.,Fashion Product Images Small,Apparel,Topwear,Tshirts,Tshirts
FP003802,3802,Skechers Men's Navy Grey Shoe,,Shoes,Casual Shoes,Men,Grey,,images/FP003802.jpg,Product: Skechers Men's Navy Grey Shoe. Category: Shoes. Subcategory: Casual Shoes. Gender: Men. Color: Grey.,Fashion Product Images Small,Footwear,Shoes,Casual Shoes,Exact articleType: Casual Shoes
FP003805,3805,Crocs Unisex Beach Black Sandal,,Shoes,Sandals,Unisex,Black,,images/FP003805.jpg,Product: Crocs Unisex Beach Black Sandal. Category: Shoes. Subcategory: Sandals. Gender: Unisex. Color: Black.,Fashion Product Images Small,Footwear,Sandal,Sandals,Exact articleType: Sandals
FP003827,3827,Crocs Kid's Baya Navy Kidswear,,Shoes,Sandals,Unisex,Navy Blue,,images/FP003827.jpg,Product: Crocs Kid's Baya Navy Kidswear. Category: Shoes. Subcategory: Sandals. Gender: Unisex. Color: Navy Blue.,Fashion Product Images Small,Footwear,Sandal,Sandals,Exact articleType: Sandals
FP003858,3858,Ed Hardy Men's Grey Bull Dog T-shirt,,Clothing,T-Shirt,Men,Grey,,images/FP003858.jpg,Product: Ed Hardy Men's Grey Bull Dog T-shirt. Category: Clothing. Subcategory: T-Shirt. Gender: Men. Color: Grey.,Fashion Product Images Small,Apparel,Topwear,Tshirts,Tshirts
FP003861,3861,Ed Hardy Men's White Blue Dragon T-shirt,,Clothing,T-Shirt,Men,White,,images/FP003861.jpg,Product: Ed Hardy Men's White Blue Dragon T-shirt. Category: Clothing. Subcategory: T-Shirt. Gender: Men. Color: White.,Fashion Product Images Small,Apparel,Topwear,Tshirts,Tshirts
FP003872,3872,Wrangler Men's Poster Print Slub Blue T-shirt,,Clothing,T-Shirt,Men,Blue,,images/FP003872.jpg,Product: Wrangler Men's Poster Print Slub Blue T-shirt. Category: Clothing. Subcategory: T-Shirt. Gender: Men. Color: Blue.,Fashion Product Images Small,Apparel,Topwear,Tshirts,Tshirts
FP003873,3873,Wrangler Men's Quality Gurtd Blue T-shirt,,Clothing,T-Shirt,Men,Blue,,images/FP003873.jpg,Product: Wrangler Men's Quality Gurtd Blue T-shirt. Category: Clothing. Subcategory: T-Shirt. Gender: Men. Color: Blue.,Fashion Product Images Small,Apparel,Topwear,Tshirts,Tshirts
FP003876,3876,Wrangler Men's Greensboro Raw Edge Black T-shirt,,Clothing,T-Shirt,Men,Black,,images/FP003876.jpg,Product: Wrangler Men's Greensboro Raw Edge Black T-shirt. Category: Clothing. Subcategory: T-Shirt. Gender: Men. Color: Black.,Fashion Product Images Small,Apparel,Topwear,Tshirts,Tshirts
FP003933,3933,Jealous 21 Womens Blue Rose & Butterfly T-shirt,,Clothing,T-Shirt,Women,Blue,,images/FP003933.jpg,Product: Jealous 21 Womens Blue Rose & Butterfly T-shirt. Category: Clothing. Subcategory: T-Shirt. Gender: Women. Color: Blue.,Fashion Product Images Small,Apparel,Topwear,Tshirts,Tshirts
FP003989,3989,Mr.Men Men's Surfer Chilly Pepper Maroon T-shirt,,Clothing,T-Shirt,Men,Maroon,,images/FP003989.jpg,Product: Mr.Men Men's Surfer Chilly Pepper Maroon T-shirt. Category: Clothing. Subcategory: T-Shirt. Gender: Men. Color: Maroon.,Fashion Product Images Small,Apparel,Topwear,Tshirts,Tshirts
FP004043,4043,ADIDAS Men's Tipoff Black Shoe,,Shoes,Sports Shoes,Men,Black,,images/FP004043.jpg,Product: ADIDAS Men's Tipoff Black Shoe. Category: Shoes. Subcategory: Sports Shoes. Gender: Men. Color: Black.,Fashion Product Images Small,Footwear,Shoes,Sports Shoes,Exact articleType: Sports Shoes
FP004058,4058,Myntra Men's Drink N Drive White T-shirt,,Clothing,T-Shirt,Men,White,,images/FP004058.jpg,Product: Myntra Men's Drink N Drive White T-shirt. Category: Clothing. Subcategory: T-Shirt. Gender: Men. Color: White.,Fashion Product Images Small,Apparel,Topwear,Tshirts,Tshirts
FP004065,4065,Crocs Men Yukon Chocolate Sandal,,Shoes,Sandals,Men,Brown,,images/FP004065.jpg,Product: Crocs Men Yukon Chocolate Sandal. Category: Shoes. Subcategory: Sandals. Gender: Men. Color: Brown.,Fashion Product Images Small,Footwear,Sandal,Sandals,Exact articleType: Sandals
FP004066,4066,Crocs Men's Tideline Canvas Black Shoe,,Shoes,Casual Shoes,Men,Black,,images/FP004066.jpg,Product: Crocs Men's Tideline Canvas Black Shoe. Category: Shoes. Subcategory: Casual Shoes. Gender: Men. Color: Black.,Fashion Product Images Small,Footwear,Shoes,Casual Shoes,Exact articleType: Casual Shoes
FP004069,4069,Crocs Men's Tideline Canvas Chocolate Shoe,,Shoes,Casual Shoes,Men,Brown,,images/FP004069.jpg,Product: Crocs Men's Tideline Canvas Chocolate Shoe. Category: Shoes. Subcategory: Casual Shoes. Gender: Men. Color: Brown.,Fashion Product Images Small,Footwear,Shoes,Casual Shoes,Exact articleType: Casual Shoes
FP004081,4081,Inkfruit Men's Type Bee Grey Melange T-shirt,,Clothing,T-Shirt,Men,Grey,,images/FP004081.jpg,Product: Inkfruit Men's Type Bee Grey Melange T-shirt. Category: Clothing. Subcategory: T-Shirt. Gender: Men. Color: Grey.,Fashion Product Images Small,Apparel,Topwear,Tshirts,Tshirts
FP004087,4087,Classic Polo Men's White With Purple Navy Maroon Stripe T-shirt,,Clothing,Polo,Men,White,,images/FP004087.jpg,Product: Classic Polo Men's White With Purple Navy Maroon Stripe T-shirt. Category: Clothing. Subcategory: Polo. Gender: Men. Color: White.,Fashion Product Images Small,Apparel,Topwear,Tshirts,Tshirts + product name contains Polo
FP004088,4088,Classic Polo Men's Purple With Black White Stripes T-shirt,,Clothing,Polo,Men,Purple,,images/FP004088.jpg,Product: Classic Polo Men's Purple With Black White Stripes T-shirt. Category: Clothing. Subcategory: Polo. Gender: Men. Color: Purple.,Fashion Product Images Small,Apparel,Topwear,Tshirts,Tshirts + product name contains Polo
FP004107,4107,Fila Men Aruba Black Grey Sandal,,Shoes,Sandals,Men,Black,,images/FP004107.jpg,Product: Fila Men Aruba Black Grey Sandal. Category: Shoes. Subcategory: Sandals. Gender: Men. Color: Black.,Fashion Product Images Small,Footwear,Sandal,Sandals,Exact articleType: Sandals
FP004109,4109,Fila Men Obsidian Navy Sandal,,Shoes,Sandals,Men,Navy Blue,,images/FP004109.jpg,Product: Fila Men Obsidian Navy Sandal. Category: Shoes. Subcategory: Sandals. Gender: Men. Color: Navy Blue.,Fashion Product Images Small,Footwear,Sandal,Sandals,Exact articleType: Sandals
FP004110,4110,Fila Men Obsidian Olive Sandal,,Shoes,Sandals,Men,Green,,images/FP004110.jpg,Product: Fila Men Obsidian Olive Sandal. Category: Shoes. Subcategory: Sandals. Gender: Men. Color: Green.,Fashion Product Images Small,Footwear,Sandal,Sandals,Exact articleType: Sandals
FP004128,4128,Fila Men's Basic Low Black Shoe,,Shoes,Casual Shoes,Men,Black,,images/FP004128.jpg,Product: Fila Men's Basic Low Black Shoe. Category: Shoes. Subcategory: Casual Shoes. Gender: Men. Color: Black.,Fashion Product Images Small,Footwear,Shoes,Casual Shoes,Exact articleType: Casual Shoes
FP004129,4129,Fila Men's Basic Low Navy Shoe,,Shoes,Casual Shoes,Men,Navy Blue,,images/FP004129.jpg,Product: Fila Men's Basic Low Navy Shoe. Category: Shoes. Subcategory: Casual Shoes. Gender: Men. Color: Navy Blue.,Fashion Product Images Small,Footwear,Shoes,Casual Shoes,Exact articleType: Casual Shoes
FP004142,4142,Fila Men's Breath Black Red Shoe,,Shoes,Casual Shoes,Men,Black,,images/FP004142.jpg,Product: Fila Men's Breath Black Red Shoe. Category: Shoes. Subcategory: Casual Shoes. Gender: Men. Color: Black.,Fashion Product Images Small,Footwear,Shoes,Casual Shoes,Exact articleType: Casual Shoes
FP004164,4164,Reebok Men's Zigdhoni Silver Shoe,,Shoes,Sports Shoes,Men,Silver,,images/FP004164.jpg,Product: Reebok Men's Zigdhoni Silver Shoe. Category: Shoes. Subcategory: Sports Shoes. Gender: Men. Color: Silver.,Fashion Product Images Small,Footwear,Shoes,Sports Shoes,Exact articleType: Sports Shoes
FP004257,4257,Inkfruit Men's Rock & Roll Blue T-shirt,,Clothing,T-Shirt,Men,Blue,,images/FP004257.jpg,Product: Inkfruit Men's Rock & Roll Blue T-shirt. Category: Clothing. Subcategory: T-Shirt. Gender: Men. Color: Blue.,Fashion Product Images Small,Apparel,Topwear,Tshirts,Tshirts
FP004268,4268,Nike Men's Tiempo Natural Maroon Shoe,,Shoes,Sports Shoes,Men,Maroon,,images/FP004268.jpg,Product: Nike Men's Tiempo Natural Maroon Shoe. Category: Shoes. Subcategory: Sports Shoes. Gender: Men. Color: Maroon.,Fashion Product Images Small,Footwear,Shoes,Sports Shoes,Exact articleType: Sports Shoes
FP004286,4286,Rockport Men Cashaw Grey Shoe,,Shoes,Casual Shoes,Men,Grey,,images/FP004286.jpg,Product: Rockport Men Cashaw Grey Shoe. Category: Shoes. Subcategory: Casual Shoes. Gender: Men. Color: Grey.,Fashion Product Images Small,Footwear,Shoes,Casual Shoes,Exact articleType: Casual Shoes
FP004296,4296,Tantra Men's Hum Hindustani Choco Brown T-shirt,,Clothing,T-Shirt,Men,Brown,,images/FP004296.jpg,Product: Tantra Men's Hum Hindustani Choco Brown T-shirt. Category: Clothing. Subcategory: T-Shirt. Gender: Men. Color: Brown.,Fashion Product Images Small,Apparel,Topwear,Tshirts,Tshirts
FP004306,4306,Tantra Kid's Unisex 5 Elements Choco Brown Kidswear,,Clothing,T-Shirt,Unisex,Brown,,images/FP004306.jpg,Product: Tantra Kid's Unisex 5 Elements Choco Brown Kidswear. Category: Clothing. Subcategory: T-Shirt. Gender: Unisex. Color: Brown.,Fashion Product Images Small,Apparel,Topwear,Tshirts,Tshirts
FP004340,4340,Fila Men Phoenix Red Shoes,,Shoes,Casual Shoes,Men,Red,,images/FP004340.jpg,Product: Fila Men Phoenix Red Shoes. Category: Shoes. Subcategory: Casual Shoes. Gender: Men. Color: Red.,Fashion Product Images Small,Footwear,Shoes,Casual Shoes,Exact articleType: Casual Shoes
FP004342,4342,Fila Men's Phoenix Black White Shoe,,Shoes,Sports Shoes,Men,Black,,images/FP004342.jpg,Product: Fila Men's Phoenix Black White Shoe. Category: Shoes. Subcategory: Sports Shoes. Gender: Men. Color: Black.,Fashion Product Images Small,Footwear,Shoes,Sports Shoes,Exact articleType: Sports Shoes
FP004381,4381,Superman Men's Silhouette Light Blue T-shirt,,Clothing,T-Shirt,Men,Blue,,images/FP004381.jpg,Product: Superman Men's Silhouette Light Blue T-shirt. Category: Clothing. Subcategory: T-Shirt. Gender: Men. Color: Blue.,Fashion Product Images Small,Apparel,Topwear,Tshirts,Tshirts
FP004398,4398,Free Authority Men's Foil Raw Edge Washed Olive T-shirt,,Clothing,T-Shirt,Men,Green,,images/FP004398.jpg,Product: Free Authority Men's Foil Raw Edge Washed Olive T-shirt. Category: Clothing. Subcategory: T-Shirt. Gender: Men. Color: Green.,Fashion Product Images Small,Apparel,Topwear,Tshirts,Tshirts
FP004403,4403,Rolling Stone Men's Union Jack Black T-shirt,,Clothing,T-Shirt,Men,Black,,images/FP004403.jpg,Product: Rolling Stone Men's Union Jack Black T-shirt. Category: Clothing. Subcategory: T-Shirt. Gender: Men. Color: Black.,Fashion Product Images Small,Apparel,Topwear,Tshirts,Tshirts
FP004406,4406,John Lenon Men's Working Class Hero Black T-shirt,,Clothing,T-Shirt,Men,Black,,images/FP004406.jpg,Product: John Lenon Men's Working Class Hero Black T-shirt. Category: Clothing. Subcategory: T-Shirt. Gender: Men. Color: Black.,Fashion Product Images Small,Apparel,Topwear,Tshirts,Tshirts
FP004411,4411,Beatles Men's The Beatles Brick Road Grey Violet T-shirt,,Clothing,T-Shirt,Men,Grey,,images/FP004411.jpg,Product: Beatles Men's The Beatles Brick Road Grey Violet T-shirt. Category: Clothing. Subcategory: T-Shirt. Gender: Men. Color: Grey.,Fashion Product Images Small,Apparel,Topwear,Tshirts,Tshirts
FP004426,4426,Wrangler Men's Diamond Stitch Polo White T-shirt,,Clothing,Polo,Men,White,,images/FP004426.jpg,Product: Wrangler Men's Diamond Stitch Polo White T-shirt. Category: Clothing. Subcategory: Polo. Gender: Men. Color: White.,Fashion Product Images Small,Apparel,Topwear,Tshirts,Tshirts + product name contains Polo
FP004438,4438,Converse Unisex Rolldown Black Yellow Canvas Shoe,,Shoes,Casual Shoes,Unisex,Black,,images/FP004438.jpg,Product: Converse Unisex Rolldown Black Yellow Canvas Shoe. Category: Shoes. Subcategory: Casual Shoes. Gender: Unisex. Color: Black.,Fashion Product Images Small,Footwear,Shoes,Casual Shoes,Exact articleType: Casual Shoes
FP004447,4447,Nike Men Extra Wilderness Black Orange Sandal,,Shoes,Sandals,Men,Black,,images/FP004447.jpg,Product: Nike Men Extra Wilderness Black Orange Sandal. Category: Shoes. Subcategory: Sandals. Gender: Men. Color: Black.,Fashion Product Images Small,Footwear,Sandal,Sandals,Exact articleType: Sandals
FP004470,4470,Puma Men's Complete Vectana White Sliver Black Shoe,,Shoes,Sports Shoes,Men,White,,images/FP004470.jpg,Product: Puma Men's Complete Vectana White Sliver Black Shoe. Category: Shoes. Subcategory: Sports Shoes. Gender: Men. Color: White.,Fashion Product Images Small,Footwear,Shoes,Sports Shoes,Exact articleType: Sports Shoes
FP004495,4495,Lotto Men's Fuerzapura Black Yellow Shoe,,Shoes,Sports Shoes,Men,Black,,images/FP004495.jpg,Product: Lotto Men's Fuerzapura Black Yellow Shoe. Category: Shoes. Subcategory: Sports Shoes. Gender: Men. Color: Black.,Fashion Product Images Small,Footwear,Shoes,Sports Shoes,Exact articleType: Sports Shoes
FP004544,4544,Nike Men's Zoom For Black Shoe,,Shoes,Sports Shoes,Men,Black,,images/FP004544.jpg,Product: Nike Men's Zoom For Black Shoe. Category: Shoes. Subcategory: Sports Shoes. Gender: Men. Color: Black.,Fashion Product Images Small,Footwear,Shoes,Sports Shoes,Exact articleType: Sports Shoes
FP004564,4564,Nike Women Dow White Shoe,,Shoes,Sports Shoes,Women,White,,images/FP004564.jpg,Product: Nike Women Dow White Shoe. Category: Shoes. Subcategory: Sports Shoes. Gender: Women. Color: White.,Fashion Product Images Small,Footwear,Shoes,Sports Shoes,Exact articleType: Sports Shoes
FP004636,4636,ADIDAS Men's Adi Stylite Low White Blue Shoe,,Shoes,Sports Shoes,Men,White,,images/FP004636.jpg,Product: ADIDAS Men's Adi Stylite Low White Blue Shoe. Category: Shoes. Subcategory: Sports Shoes. Gender: Men. Color: White.,Fashion Product Images Small,Footwear,Shoes,Sports Shoes,Exact articleType: Sports Shoes
FP004649,4649,ADIDAS Men Neo Feather Black Blue Sandal,,Shoes,Sandals,Men,Black,,images/FP004649.jpg,Product: ADIDAS Men Neo Feather Black Blue Sandal. Category: Shoes. Subcategory: Sandals. Gender: Men. Color: Black.,Fashion Product Images Small,Footwear,Sandal,Sandals,Exact articleType: Sandals
FP004651,4651,ADIDAS Women Henrio Dark Purple Brown Sandal,,Shoes,Sandals,Women,Purple,,images/FP004651.jpg,Product: ADIDAS Women Henrio Dark Purple Brown Sandal. Category: Shoes. Subcategory: Sandals. Gender: Women. Color: Purple.,Fashion Product Images Small,Footwear,Sandal,Sports Sandals,Exact articleType: Sports Sandals
FP004745,4745,ADIDAS Men's Green Polo T-shirt,,Clothing,Polo,Men,Green,,images/FP004745.jpg,Product: ADIDAS Men's Green Polo T-shirt. Category: Clothing. Subcategory: Polo. Gender: Men. Color: Green.,Fashion Product Images Small,Apparel,Topwear,Tshirts,Tshirts + product name contains Polo
FP004749,4749,ADIDAS Men's Polo Red Polo T-shirt,,Clothing,Polo,Men,Red,,images/FP004749.jpg,Product: ADIDAS Men's Polo Red Polo T-shirt. Category: Clothing. Subcategory: Polo. Gender: Men. Color: Red.,Fashion Product Images Small,Apparel,Topwear,Tshirts,Tshirts + product name contains Polo
FP004753,4753,ADIDAS Men's Light Brown Polo T-shirt,,Clothing,Polo,Men,Brown,,images/FP004753.jpg,Product: ADIDAS Men's Light Brown Polo T-shirt. Category: Clothing. Subcategory: Polo. Gender: Men. Color: Brown.,Fashion Product Images Small,Apparel,Topwear,Tshirts,Tshirts + product name contains Polo
FP004757,4757,ADIDAS Men's Perf Str Polo Light Grey T-Shirt,,Clothing,Polo,Men,Grey,,images/FP004757.jpg,Product: ADIDAS Men's Perf Str Polo Light Grey T-Shirt. Category: Clothing. Subcategory: Polo. Gender: Men. Color: Grey.,Fashion Product Images Small,Apparel,Topwear,Tshirts,Tshirts + product name contains Polo
FP004766,4766,ADIDAS Men's Barr White T-shirt,,Clothing,T-Shirt,Men,White,,images/FP004766.jpg,Product: ADIDAS Men's Barr White T-shirt. Category: Clothing. Subcategory: T-Shirt. Gender: Men. Color: White.,Fashion Product Images Small,Apparel,Topwear,Tshirts,Tshirts
FP004788,4788,ADIDAS Men's Demon White T-shirt,,Clothing,T-Shirt,Men,White,,images/FP004788.jpg,Product: ADIDAS Men's Demon White T-shirt. Category: Clothing. Subcategory: T-Shirt. Gender: Men. Color: White.,Fashion Product Images Small,Apparel,Topwear,Tshirts,Tshirts
FP004802,4802,ADIDAS Men's Best Shot Teal Blue T-shirt,,Clothing,T-Shirt,Men,Blue,,images/FP004802.jpg,Product: ADIDAS Men's Best Shot Teal Blue T-shirt. Category: Clothing. Subcategory: T-Shirt. Gender: Men. Color: Blue.,Fashion Product Images Small,Apparel,Topwear,Tshirts,Tshirts
FP004806,4806,ADIDAS Men's Edge Polo Steel Blue Polo T-shirt,,Clothing,Polo,Men,Blue,,images/FP004806.jpg,Product: ADIDAS Men's Edge Polo Steel Blue Polo T-shirt. Category: Clothing. Subcategory: Polo. Gender: Men. Color: Blue.,Fashion Product Images Small,Apparel,Topwear,Tshirts,Tshirts + product name contains Polo
FP004807,4807,ADIDAS Men's Feerless Blue T-shirt,,Clothing,T-Shirt,Men,Blue,,images/FP004807.jpg,Product: ADIDAS Men's Feerless Blue T-shirt. Category: Clothing. Subcategory: T-Shirt. Gender: Men. Color: Blue.,Fashion Product Images Small,Apparel,Topwear,Tshirts,Tshirts
FP004876,4876,Levis Kids Boy's Dean White Black Teens Kidswear,,Clothing,T-Shirt,Men,White,,images/FP004876.jpg,Product: Levis Kids Boy's Dean White Black Teens Kidswear. Category: Clothing. Subcategory: T-Shirt. Gender: Men. Color: White.,Fashion Product Images Small,Apparel,Topwear,Tshirts,Tshirts
FP004921,4921,Gini and Jony Girl's Viona Pack of 3 Tee Kidswear,,Clothing,T-Shirt,Women,White,,images/FP004921.jpg,Product: Gini and Jony Girl's Viona Pack of 3 Tee Kidswear. Category: Clothing. Subcategory: T-Shirt. Gender: Women. Color: White.,Fashion Product Images Small,Apparel,Topwear,Tshirts,Tshirts
FP004947,4947,Gini and Jony Boy's Kanon White Blue Kidswear,,Clothing,T-Shirt,Men,White,,images/FP004947.jpg,Product: Gini and Jony Boy's Kanon White Blue Kidswear. Category: Clothing. Subcategory: T-Shirt. Gender: Men. Color: White.,Fashion Product Images Small,Apparel,Topwear,Tshirts,Tshirts
FP004954,4954,Gini and Jony Boy's Kalin White Navy Infant Kidswear,,Clothing,T-Shirt,Men,White,,images/FP004954.jpg,Product: Gini and Jony Boy's Kalin White Navy Infant Kidswear. Category: Clothing. Subcategory: T-Shirt. Gender: Men. Color: White.,Fashion Product Images Small,Apparel,Topwear,Tshirts,Tshirts
FP005100,5100,Wrangler Men's Cowboy Color Yellow T-shirt,,Clothing,T-Shirt,Men,Yellow,,images/FP005100.jpg,Product: Wrangler Men's Cowboy Color Yellow T-shirt. Category: Clothing. Subcategory: T-Shirt. Gender: Men. Color: Yellow.,Fashion Product Images Small,Apparel,Topwear,Tshirts,Tshirts
FP005113,5113,Wrangler Women's Dark Grey T-shirt,,Clothing,T-Shirt,Women,Grey,,images/FP005113.jpg,Product: Wrangler Women's Dark Grey T-shirt. Category: Clothing. Subcategory: T-Shirt. Gender: Women. Color: Grey.,Fashion Product Images Small,Apparel,Topwear,Tshirts,Tshirts
FP005154,5154,Wrangler Women's Lip Print White T-shirt,,Clothing,T-Shirt,Women,White,,images/FP005154.jpg,Product: Wrangler Women's Lip Print White T-shirt. Category: Clothing. Subcategory: T-Shirt. Gender: Women. Color: White.,Fashion Product Images Small,Apparel,Topwear,Tshirts,Tshirts
FP005173,5173,Inkfruit Women's Secret Diary Dark Grey T-shirt,,Clothing,T-Shirt,Women,Grey,,images/FP005173.jpg,Product: Inkfruit Women's Secret Diary Dark Grey T-shirt. Category: Clothing. Subcategory: T-Shirt. Gender: Women. Color: Grey.,Fashion Product Images Small,Apparel,Topwear,Tshirts,Tshirts
FP005185,5185,Dark Knight Men's Crew Black T-shirt,,Clothing,T-Shirt,Men,Black,,images/FP005185.jpg,Product: Dark Knight Men's Crew Black T-shirt. Category: Clothing. Subcategory: T-Shirt. Gender: Men. Color: Black.,Fashion Product Images Small,Apparel,Topwear,Tshirts,Tshirts
FP005188,5188,Linkin Park Men's Linking Black T-shirt,,Clothing,T-Shirt,Men,Black,,images/FP005188.jpg,Product: Linkin Park Men's Linking Black T-shirt. Category: Clothing. Subcategory: T-Shirt. Gender: Men. Color: Black.,Fashion Product Images Small,Apparel,Topwear,Tshirts,Tshirts
FP005205,5205,Beatles Men's The Beatles Dark Grey T-shirt,,Clothing,T-Shirt,Men,Grey,,images/FP005205.jpg,Product: Beatles Men's The Beatles Dark Grey T-shirt. Category: Clothing. Subcategory: T-Shirt. Gender: Men. Color: Grey.,Fashion Product Images Small,Apparel,Topwear,Tshirts,Tshirts
FP005208,5208,Superman Men's Crew White T-shirt,,Clothing,T-Shirt,Men,White,,images/FP005208.jpg,Product: Superman Men's Crew White T-shirt. Category: Clothing. Subcategory: T-Shirt. Gender: Men. Color: White.,Fashion Product Images Small,Apparel,Topwear,Tshirts,Tshirts
FP005211,5211,DC Comics Men's Dist Light Blue T-shirt,,Clothing,T-Shirt,Men,Blue,,images/FP005211.jpg,Product: DC Comics Men's Dist Light Blue T-shirt. Category: Clothing. Subcategory: T-Shirt. Gender: Men. Color: Blue.,Fashion Product Images Small,Apparel,Topwear,Tshirts,Tshirts
FP005233,5233,Classic Polo Men's Cari Yellow Polo T-shirt,,Clothing,Polo,Men,Yellow,,images/FP005233.jpg,Product: Classic Polo Men's Cari Yellow Polo T-shirt. Category: Clothing. Subcategory: Polo. Gender: Men. Color: Yellow.,Fashion Product Images Small,Apparel,Topwear,Tshirts,Tshirts + product name contains Polo
FP005315,5315,Nike Women's Airmax Grey Pink Shoe,,Shoes,Sports Shoes,Women,Grey,,images/FP005315.jpg,Product: Nike Women's Airmax Grey Pink Shoe. Category: Shoes. Subcategory: Sports Shoes. Gender: Women. Color: Grey.,Fashion Product Images Small,Footwear,Shoes,Sports Shoes,Exact articleType: Sports Shoes
FP005320,5320,Fila Men's Montello Grey Black Red Shoe,,Shoes,Casual Shoes,Men,Grey,,images/FP005320.jpg,Product: Fila Men's Montello Grey Black Red Shoe. Category: Shoes. Subcategory: Casual Shoes. Gender: Men. Color: Grey.,Fashion Product Images Small,Footwear,Shoes,Casual Shoes,Exact articleType: Casual Shoes
FP005329,5329,FILA Men Speed Up Blue Sports Shoes,,Shoes,Sports Shoes,Men,Blue,,images/FP005329.jpg,Product: FILA Men Speed Up Blue Sports Shoes. Category: Shoes. Subcategory: Sports Shoes. Gender: Men. Color: Blue.,Fashion Product Images Small,Footwear,Shoes,Sports Shoes,Exact articleType: Sports Shoes
FP005356,5356,Kalenji Kapteren Aw Red 2010,,Shoes,Sports Shoes,Men,Red,,images/FP005356.jpg,Product: Kalenji Kapteren Aw Red 2010. Category: Shoes. Subcategory: Sports Shoes. Gender: Men. Color: Red.,Fashion Product Images Small,Footwear,Shoes,Sports Shoes,Exact articleType: Sports Shoes
FP005397,5397,Artengo Artengo Bad 650 Man,,Shoes,Sports Shoes,Men,Black,,images/FP005397.jpg,Product: Artengo Artengo Bad 650 Man. Category: Shoes. Subcategory: Sports Shoes. Gender: Men. Color: Black.,Fashion Product Images Small,Footwear,Shoes,Sports Shoes,Exact articleType: Sports Shoes
FP005398,5398,Quechua Arpenaz Flex Novadry Grey,,Shoes,Sports Shoes,Men,Grey,,images/FP005398.jpg,Product: Quechua Arpenaz Flex Novadry Grey. Category: Shoes. Subcategory: Sports Shoes. Gender: Men. Color: Grey.,Fashion Product Images Small,Footwear,Shoes,Sports Shoes,Exact articleType: Sports Shoes
FP005440,5440,Nike Men's Club Pique Polo Med Yellow White T-shirt,,Clothing,Polo,Men,Yellow,,images/FP005440.jpg,Product: Nike Men's Club Pique Polo Med Yellow White T-shirt. Category: Clothing. Subcategory: Polo. Gender: Men. Color: Yellow.,Fashion Product Images Small,Apparel,Topwear,Tshirts,Tshirts + product name contains Polo
FP005461,5461,Nike Men's Downshifter Lea Black Shoe,,Shoes,Sports Shoes,Men,Black,,images/FP005461.jpg,Product: Nike Men's Downshifter Lea Black Shoe. Category: Shoes. Subcategory: Sports Shoes. Gender: Men. Color: Black.,Fashion Product Images Small,Footwear,Shoes,Sports Shoes,Exact articleType: Sports Shoes
FP005465,5465,Nike Men's Air Max Moto White Shoe,,Shoes,Sports Shoes,Men,White,,images/FP005465.jpg,Product: Nike Men's Air Max Moto White Shoe. Category: Shoes. Subcategory: Sports Shoes. Gender: Men. Color: White.,Fashion Product Images Small,Footwear,Shoes,Sports Shoes,Exact articleType: Sports Shoes
FP005484,5484,Nike Men's City Court White Blue Shoe,,Shoes,Sports Shoes,Men,White,,images/FP005484.jpg,Product: Nike Men's City Court White Blue Shoe. Category: Shoes. Subcategory: Sports Shoes. Gender: Men. Color: White.,Fashion Product Images Small,Footwear,Shoes,Sports Shoes,Exact articleType: Sports Shoes
FP005498,5498,Mr.Men Men's Mr.happy White T-shirt,,Clothing,T-Shirt,Men,White,,images/FP005498.jpg,Product: Mr.Men Men's Mr.happy White T-shirt. Category: Clothing. Subcategory: T-Shirt. Gender: Men. Color: White.,Fashion Product Images Small,Apparel,Topwear,Tshirts,Tshirts
FP005559,5559,Reebok Men Reversible Blue & Yellow Jacket,,Clothing,Jacket,Men,Yellow,,images/FP005559.jpg,Product: Reebok Men Reversible Blue & Yellow Jacket. Category: Clothing. Subcategory: Jacket. Gender: Men. Color: Yellow.,Fashion Product Images Small,Apparel,Topwear,Jackets,Exact articleType: Jackets
FP005577,5577,Nike Men's Field Trainer Textile Grey Black White Shoe,,Shoes,Sports Shoes,Men,Grey,,images/FP005577.jpg,Product: Nike Men's Field Trainer Textile Grey Black White Shoe. Category: Shoes. Subcategory: Sports Shoes. Gender: Men. Color: Grey.,Fashion Product Images Small,Footwear,Shoes,Sports Shoes,Exact articleType: Sports Shoes
FP005600,5600,Reebok Men's Trail Mud Slinger Black Blue Shoe,,Shoes,Sports Shoes,Men,Blue,,images/FP005600.jpg,Product: Reebok Men's Trail Mud Slinger Black Blue Shoe. Category: Shoes. Subcategory: Sports Shoes. Gender: Men. Color: Blue.,Fashion Product Images Small,Footwear,Shoes,Sports Shoes,Exact articleType: Sports Shoes
FP005609,5609,ADIDAS Men Receptor Navy Sports Sandals,,Shoes,Sandals,Men,Navy Blue,,images/FP005609.jpg,Product: ADIDAS Men Receptor Navy Sports Sandals. Category: Shoes. Subcategory: Sandals. Gender: Men. Color: Navy Blue.,Fashion Product Images Small,Footwear,Sandal,Sports Sandals,Exact articleType: Sports Sandals
FP005740,5740,Basics Men Navy Academy Football League Striped Polo T-shirt,,Clothing,Polo,Men,Green,,images/FP005740.jpg,Product: Basics Men Navy Academy Football League Striped Polo T-shirt. Category: Clothing. Subcategory: Polo. Gender: Men. Color: Green.,Fashion Product Images Small,Apparel,Topwear,Tshirts,Tshirts + product name contains Polo
FP005802,5802,ADIDAS Men's Prt Blue T-shirt,,Clothing,T-Shirt,Men,Blue,,images/FP005802.jpg,Product: ADIDAS Men's Prt Blue T-shirt. Category: Clothing. Subcategory: T-Shirt. Gender: Men. Color: Blue.,Fashion Product Images Small,Apparel,Topwear,Tshirts,Tshirts
FP005862,5862,ADIDAS Men's Stripe Black T-shirt,,Clothing,T-Shirt,Men,Black,,images/FP005862.jpg,Product: ADIDAS Men's Stripe Black T-shirt. Category: Clothing. Subcategory: T-Shirt. Gender: Men. Color: Black.,Fashion Product Images Small,Apparel,Topwear,Tshirts,Tshirts
FP005890,5890,Puma Men's Graphics Story Green T-shirt,,Clothing,T-Shirt,Men,Green,,images/FP005890.jpg,Product: Puma Men's Graphics Story Green T-shirt. Category: Clothing. Subcategory: T-Shirt. Gender: Men. Color: Green.,Fashion Product Images Small,Apparel,Topwear,Tshirts,Tshirts
FP006031,6031,UCB Women's Basic V Neck Blue T-shirt,,Clothing,T-Shirt,Women,Blue,,images/FP006031.jpg,Product: UCB Women's Basic V Neck Blue T-shirt. Category: Clothing. Subcategory: T-Shirt. Gender: Women. Color: Blue.,Fashion Product Images Small,Apparel,Topwear,Tshirts,Tshirts
FP006055,6055,UCB Men's Polo Neck With Tipping Collar Blue T-shirt,,Clothing,Polo,Men,Blue,,images/FP006055.jpg,Product: UCB Men's Polo Neck With Tipping Collar Blue T-shirt. Category: Clothing. Subcategory: Polo. Gender: Men. Color: Blue.,Fashion Product Images Small,Apparel,Topwear,Tshirts,Tshirts + product name contains Polo
FP006104,6104,UCB Women's Basic Round Neck Navy Blue T-shirt,,Clothing,T-Shirt,Women,Navy Blue,,images/FP006104.jpg,Product: UCB Women's Basic Round Neck Navy Blue T-shirt. Category: Clothing. Subcategory: T-Shirt. Gender: Women. Color: Navy Blue.,Fashion Product Images Small,Apparel,Topwear,Tshirts,Tshirts
FP006110,6110,UCB Men's Benetton Logo Purple T-shirt,,Clothing,T-Shirt,Men,Purple,,images/FP006110.jpg,Product: UCB Men's Benetton Logo Purple T-shirt. Category: Clothing. Subcategory: T-Shirt. Gender: Men. Color: Purple.,Fashion Product Images Small,Apparel,Topwear,Tshirts,Tshirts
FP006129,6129,Puma Unisex Scuba Black Sandals,,Shoes,Sandals,Unisex,Black,,images/FP006129.jpg,Product: Puma Unisex Scuba Black Sandals. Category: Shoes. Subcategory: Sandals. Gender: Unisex. Color: Black.,Fashion Product Images Small,Footwear,Sandal,Sandals,Exact articleType: Sandals
FP006152,6152,ADIDAS Men's Porsche Design White Shoe,,Shoes,Casual Shoes,Men,White,,images/FP006152.jpg,Product: ADIDAS Men's Porsche Design White Shoe. Category: Shoes. Subcategory: Casual Shoes. Gender: Men. Color: White.,Fashion Product Images Small,Footwear,Shoes,Casual Shoes,Exact articleType: Casual Shoes
FP006195,6195,Lee Men's Linen Cream T-shirt,,Clothing,T-Shirt,Men,Cream,,images/FP006195.jpg,Product: Lee Men's Linen Cream T-shirt. Category: Clothing. Subcategory: T-Shirt. Gender: Men. Color: Cream.,Fashion Product Images Small,Apparel,Topwear,Tshirts,Tshirts
FP006201,6201,Skechers Men Black Shoes,,Shoes,Casual Shoes,Men,Black,,images/FP006201.jpg,Product: Skechers Men Black Shoes. Category: Shoes. Subcategory: Casual Shoes. Gender: Men. Color: Black.,Fashion Product Images Small,Footwear,Shoes,Casual Shoes,Exact articleType: Casual Shoes
FP006257,6257,Lee Women's Olive Black T-shirt,,Clothing,T-Shirt,Women,Black,,images/FP006257.jpg,Product: Lee Women's Olive Black T-shirt. Category: Clothing. Subcategory: T-Shirt. Gender: Women. Color: Black.,Fashion Product Images Small,Apparel,Topwear,Tshirts,Tshirts
FP006293,6293,Classic Polo Men's Swiss Purple T-shirt,,Clothing,Polo,Men,Purple,,images/FP006293.jpg,Product: Classic Polo Men's Swiss Purple T-shirt. Category: Clothing. Subcategory: Polo. Gender: Men. Color: Purple.,Fashion Product Images Small,Apparel,Topwear,Tshirts,Tshirts + product name contains Polo
FP006350,6350,Crocs Kid's Unisex Basic Clog Blue Kidswear,,Shoes,Sandals,Unisex,Blue,,images/FP006350.jpg,Product: Crocs Kid's Unisex Basic Clog Blue Kidswear. Category: Shoes. Subcategory: Sandals. Gender: Unisex. Color: Blue.,Fashion Product Images Small,Footwear,Sandal,Sandals,Exact articleType: Sandals
FP006356,6356,Numero Uno Men's Dark Blue Canvas Shoe,,Shoes,Casual Shoes,Men,Blue,,images/FP006356.jpg,Product: Numero Uno Men's Dark Blue Canvas Shoe. Category: Shoes. Subcategory: Casual Shoes. Gender: Men. Color: Blue.,Fashion Product Images Small,Footwear,Shoes,Casual Shoes,Exact articleType: Casual Shoes
FP006377,6377,Numero Uno Men's Brown Canvas Shoe,,Shoes,Casual Shoes,Men,Brown,,images/FP006377.jpg,Product: Numero Uno Men's Brown Canvas Shoe. Category: Shoes. Subcategory: Casual Shoes. Gender: Men. Color: Brown.,Fashion Product Images Small,Footwear,Shoes,Casual Shoes,Exact articleType: Casual Shoes
FP006394,6394,Lotto Men Revenge 02 Grey Black Floater,,Shoes,Sandals,Men,Grey,,images/FP006394.jpg,Product: Lotto Men Revenge 02 Grey Black Floater. Category: Shoes. Subcategory: Sandals. Gender: Men. Color: Grey.,Fashion Product Images Small,Footwear,Sandal,Sandals,Exact articleType: Sandals
FP006398,6398,Lotto Men Rebel Black Floater,,Shoes,Sandals,Men,Black,,images/FP006398.jpg,Product: Lotto Men Rebel Black Floater. Category: Shoes. Subcategory: Sandals. Gender: Men. Color: Black.,Fashion Product Images Small,Footwear,Sandal,Sandals,Exact articleType: Sandals
FP006406,6406,Lotto Men's Leisure White Grey Shoe,,Shoes,Casual Shoes,Men,White,,images/FP006406.jpg,Product: Lotto Men's Leisure White Grey Shoe. Category: Shoes. Subcategory: Casual Shoes. Gender: Men. Color: White.,Fashion Product Images Small,Footwear,Shoes,Casual Shoes,Exact articleType: Casual Shoes
FP006446,6446,Lotto Men's Calcetto Grey Shoe,,Shoes,Casual Shoes,Men,Grey,,images/FP006446.jpg,Product: Lotto Men's Calcetto Grey Shoe. Category: Shoes. Subcategory: Casual Shoes. Gender: Men. Color: Grey.,Fashion Product Images Small,Footwear,Shoes,Casual Shoes,Exact articleType: Casual Shoes
FP006501,6501,ADIDAS Men Chrome White Jacket,,Clothing,Jacket,Men,White,,images/FP006501.jpg,Product: ADIDAS Men Chrome White Jacket. Category: Clothing. Subcategory: Jacket. Gender: Men. Color: White.,Fashion Product Images Small,Apparel,Topwear,Jackets,Exact articleType: Jackets
FP006540,6540,Nike Men's Training Green T-shirt,,Clothing,T-Shirt,Men,Green,,images/FP006540.jpg,Product: Nike Men's Training Green T-shirt. Category: Clothing. Subcategory: T-Shirt. Gender: Men. Color: Green.,Fashion Product Images Small,Apparel,Topwear,Tshirts,Tshirts
FP006571,6571,Inkfruit Men's Barcode Lemon Yellow T-shirt,,Clothing,T-Shirt,Men,Yellow,,images/FP006571.jpg,Product: Inkfruit Men's Barcode Lemon Yellow T-shirt. Category: Clothing. Subcategory: T-Shirt. Gender: Men. Color: Yellow.,Fashion Product Images Small,Apparel,Topwear,Tshirts,Tshirts
FP006578,6578,Inkfruit Men's War Dark Grey T-shirt,,Clothing,T-Shirt,Men,Grey,,images/FP006578.jpg,Product: Inkfruit Men's War Dark Grey T-shirt. Category: Clothing. Subcategory: T-Shirt. Gender: Men. Color: Grey.,Fashion Product Images Small,Apparel,Topwear,Tshirts,Tshirts
FP006592,6592,Spykar Women's World Sweet Things White T-shirt,,Clothing,T-Shirt,Women,Grey,,images/FP006592.jpg,Product: Spykar Women's World Sweet Things White T-shirt. Category: Clothing. Subcategory: T-Shirt. Gender: Women. Color: Grey.,Fashion Product Images Small,Apparel,Topwear,Tshirts,Tshirts
FP006621,6621,ADIDAS Men's Boris Black Shoe,,Shoes,Sports Shoes,Men,Black,,images/FP006621.jpg,Product: ADIDAS Men's Boris Black Shoe. Category: Shoes. Subcategory: Sports Shoes. Gender: Men. Color: Black.,Fashion Product Images Small,Footwear,Shoes,Sports Shoes,Exact articleType: Sports Shoes
FP006630,6630,ADIDAS Men's Galvin White Blue Shoe,,Shoes,Sports Shoes,Men,White,,images/FP006630.jpg,Product: ADIDAS Men's Galvin White Blue Shoe. Category: Shoes. Subcategory: Sports Shoes. Gender: Men. Color: White.,Fashion Product Images Small,Footwear,Shoes,Sports Shoes,Exact articleType: Sports Shoes
FP006641,6641,Nike Women's Lunarelite Grey Orange Shoe,,Shoes,Sports Shoes,Women,Grey,,images/FP006641.jpg,Product: Nike Women's Lunarelite Grey Orange Shoe. Category: Shoes. Subcategory: Sports Shoes. Gender: Women. Color: Grey.,Fashion Product Images Small,Footwear,Shoes,Sports Shoes,Exact articleType: Sports Shoes
FP006673,6673,Nike Men's Air Pegasus 27 White Grey Shoe,,Shoes,Sports Shoes,Men,White,,images/FP006673.jpg,Product: Nike Men's Air Pegasus 27 White Grey Shoe. Category: Shoes. Subcategory: Sports Shoes. Gender: Men. Color: White.,Fashion Product Images Small,Footwear,Shoes,Sports Shoes,Exact articleType: Sports Shoes
FP006685,6685,UCB Women's Photo Prints Light Green T-shirt,,Clothing,T-Shirt,Women,Green,,images/FP006685.jpg,Product: UCB Women's Photo Prints Light Green T-shirt. Category: Clothing. Subcategory: T-Shirt. Gender: Women. Color: Green.,Fashion Product Images Small,Apparel,Topwear,Tshirts,Tshirts
FP006698,6698,UCB Men's Polo Neck Logo At Chest Pink T-shirt,,Clothing,Polo,Men,Pink,,images/FP006698.jpg,Product: UCB Men's Polo Neck Logo At Chest Pink T-shirt. Category: Clothing. Subcategory: Polo. Gender: Men. Color: Pink.,Fashion Product Images Small,Apparel,Topwear,Tshirts,Tshirts + product name contains Polo
FP006714,6714,Locomotive Men's Round Neck White T-shirt,,Clothing,T-Shirt,Men,White,,images/FP006714.jpg,Product: Locomotive Men's Round Neck White T-shirt. Category: Clothing. Subcategory: T-Shirt. Gender: Men. Color: White.,Fashion Product Images Small,Apparel,Topwear,Tshirts,Tshirts
FP006754,6754,Nike Men's Air Zoom Opener White Shoe,,Shoes,Sports Shoes,Men,White,,images/FP006754.jpg,Product: Nike Men's Air Zoom Opener White Shoe. Category: Shoes. Subcategory: Sports Shoes. Gender: Men. Color: White.,Fashion Product Images Small,Footwear,Shoes,Sports Shoes,Exact articleType: Sports Shoes
FP006755,6755,Nike Men's Air Zoom Pace White Shoe,,Shoes,Sports Shoes,Men,White,,images/FP006755.jpg,Product: Nike Men's Air Zoom Pace White Shoe. Category: Shoes. Subcategory: Sports Shoes. Gender: Men. Color: White.,Fashion Product Images Small,Footwear,Shoes,Sports Shoes,Exact articleType: Sports Shoes
FP006800,6800,Converse Unisex Canvas White Shoe,,Shoes,Casual Shoes,Unisex,White,,images/FP006800.jpg,Product: Converse Unisex Canvas White Shoe. Category: Shoes. Subcategory: Casual Shoes. Gender: Unisex. Color: White.,Fashion Product Images Small,Footwear,Shoes,Casual Shoes,Exact articleType: Casual Shoes
FP006804,6804,Timberland Men's Driver Venetian Brown Shoe,,Shoes,Casual Shoes,Men,Brown,,images/FP006804.jpg,Product: Timberland Men's Driver Venetian Brown Shoe. Category: Shoes. Subcategory: Casual Shoes. Gender: Men. Color: Brown.,Fashion Product Images Small,Footwear,Shoes,Casual Shoes,Exact articleType: Casual Shoes
FP006821,6821,Timberland Men City Brown Floater,,Shoes,Sandals,Men,Brown,,images/FP006821.jpg,Product: Timberland Men City Brown Floater. Category: Shoes. Subcategory: Sandals. Gender: Men. Color: Brown.,Fashion Product Images Small,Footwear,Sandal,Sandals,Exact articleType: Sandals
FP006822,6822,Timberland Men Ndal Brown Floater,,Shoes,Sandals,Men,Brown,,images/FP006822.jpg,Product: Timberland Men Ndal Brown Floater. Category: Shoes. Subcategory: Sandals. Gender: Men. Color: Brown.,Fashion Product Images Small,Footwear,Sandal,Sandals,Exact articleType: Sandals
FP006826,6826,Timberland Men Nekkol Grey Black Floater,,Shoes,Sandals,Men,Grey,,images/FP006826.jpg,Product: Timberland Men Nekkol Grey Black Floater. Category: Shoes. Subcategory: Sandals. Gender: Men. Color: Grey.,Fashion Product Images Small,Footwear,Sandal,Sandals,Exact articleType: Sandals
FP006876,6876,Forever New Women Peach Jacket,,Clothing,Jacket,Women,Peach,,images/FP006876.jpg,Product: Forever New Women Peach Jacket. Category: Clothing. Subcategory: Jacket. Gender: Women. Color: Peach.,Fashion Product Images Small,Apparel,Topwear,Jackets,Exact articleType: Jackets
FP006886,6886,Forever New Women Puff Sleeve Tux Black Jacket,,Clothing,Jacket,Women,Black,,images/FP006886.jpg,Product: Forever New Women Puff Sleeve Tux Black Jacket. Category: Clothing. Subcategory: Jacket. Gender: Women. Color: Black.,Fashion Product Images Small,Apparel,Topwear,Jackets,Exact articleType: Jackets
FP006887,6887,Forever New Women Indigo Wash Blue Jacket,,Clothing,Jacket,Women,Blue,,images/FP006887.jpg,Product: Forever New Women Indigo Wash Blue Jacket. Category: Clothing. Subcategory: Jacket. Gender: Women. Color: Blue.,Fashion Product Images Small,Apparel,Topwear,Jackets,Exact articleType: Jackets
FP006918,6918,Asics Women's Running Graphic Black T-shirt,,Clothing,T-Shirt,Women,Black,,images/FP006918.jpg,Product: Asics Women's Running Graphic Black T-shirt. Category: Clothing. Subcategory: T-Shirt. Gender: Women. Color: Black.,Fashion Product Images Small,Apparel,Topwear,Tshirts,Tshirts
FP006961,6961,Spalding Men's Running White Blue Shoe,,Shoes,Sports Shoes,Men,White,,images/FP006961.jpg,Product: Spalding Men's Running White Blue Shoe. Category: Shoes. Subcategory: Sports Shoes. Gender: Men. Color: White.,Fashion Product Images Small,Footwear,Shoes,Sports Shoes,Exact articleType: Sports Shoes
FP007003,7003,s.Oliver Men's Sky Polo Blue T-shirt,,Clothing,Polo,Men,Blue,,images/FP007003.jpg,Product: s.Oliver Men's Sky Polo Blue T-shirt. Category: Clothing. Subcategory: Polo. Gender: Men. Color: Blue.,Fashion Product Images Small,Apparel,Topwear,Tshirts,Tshirts + product name contains Polo
FP007275,7275,Batman Men's Batman & Joker Dark Grey T-shirt,,Clothing,T-Shirt,Men,Grey,,images/FP007275.jpg,Product: Batman Men's Batman & Joker Dark Grey T-shirt. Category: Clothing. Subcategory: T-Shirt. Gender: Men. Color: Grey.,Fashion Product Images Small,Apparel,Topwear,Tshirts,Tshirts
FP007298,7298,Free Authority Men's Disc Jokey Black T-shirt,,Clothing,T-Shirt,Men,Black,,images/FP007298.jpg,Product: Free Authority Men's Disc Jokey Black T-shirt. Category: Clothing. Subcategory: T-Shirt. Gender: Men. Color: Black.,Fashion Product Images Small,Apparel,Topwear,Tshirts,Tshirts
FP007367,7367,Red Tape Men's Stone Casual Shoe,,Shoes,Casual Shoes,Men,Brown,,images/FP007367.jpg,Product: Red Tape Men's Stone Casual Shoe. Category: Shoes. Subcategory: Casual Shoes. Gender: Men. Color: Brown.,Fashion Product Images Small,Footwear,Shoes,Casual Shoes,Exact articleType: Casual Shoes
FP007370,7370,Red Tape Men Stone Brown Floater,,Shoes,Sandals,Men,Brown,,images/FP007370.jpg,Product: Red Tape Men Stone Brown Floater. Category: Shoes. Subcategory: Sandals. Gender: Men. Color: Brown.,Fashion Product Images Small,Footwear,Sandal,Sandals,Exact articleType: Sandals
FP007460,7460,Proline Men Burgundy Printed T-shirt,,Clothing,T-Shirt,Men,Burgundy,,images/FP007460.jpg,Product: Proline Men Burgundy Printed T-shirt. Category: Clothing. Subcategory: T-Shirt. Gender: Men. Color: Burgundy.,Fashion Product Images Small,Apparel,Topwear,Tshirts,Tshirts
FP007469,7469,Proline Men White Polo T-shirt,,Clothing,Polo,Men,White,,images/FP007469.jpg,Product: Proline Men White Polo T-shirt. Category: Clothing. Subcategory: Polo. Gender: Men. Color: White.,Fashion Product Images Small,Apparel,Topwear,Tshirts,Tshirts + product name contains Polo
FP007470,7470,Proline Men Charcoal Grey Polo T-shirt,,Clothing,Polo,Men,Charcoal,,images/FP007470.jpg,Product: Proline Men Charcoal Grey Polo T-shirt. Category: Clothing. Subcategory: Polo. Gender: Men. Color: Charcoal.,Fashion Product Images Small,Apparel,Topwear,Tshirts,Tshirts + product name contains Polo
FP007499,7499,Nike Women's Peach Polo T-shirt,,Clothing,Polo,Women,Peach,,images/FP007499.jpg,Product: Nike Women's Peach Polo T-shirt. Category: Clothing. Subcategory: Polo. Gender: Women. Color: Peach.,Fashion Product Images Small,Apparel,Topwear,Tshirts,Tshirts + product name contains Polo
FP007515,7515,Nike Women's Aqua Blue Polo T-shirt,,Clothing,Polo,Women,White,,images/FP007515.jpg,Product: Nike Women's Aqua Blue Polo T-shirt. Category: Clothing. Subcategory: Polo. Gender: Women. Color: White.,Fashion Product Images Small,Apparel,Topwear,Tshirts,Tshirts + product name contains Polo
FP007521,7521,Nike Men's As Challen Black T-shirt,,Clothing,T-Shirt,Men,Black,,images/FP007521.jpg,Product: Nike Men's As Challen Black T-shirt. Category: Clothing. Subcategory: T-Shirt. Gender: Men. Color: Black.,Fashion Product Images Small,Apparel,Topwear,Tshirts,Tshirts
FP007526,7526,Nike mens As Vapor SS black T-shirt,,Clothing,T-Shirt,Men,Black,,images/FP007526.jpg,Product: Nike mens As Vapor SS black T-shirt. Category: Clothing. Subcategory: T-Shirt. Gender: Men. Color: Black.,Fashion Product Images Small,Apparel,Topwear,Tshirts,Tshirts
FP007546,7546,Nike Men's As Emb Sneaker T-Shirts,,Clothing,T-Shirt,Men,Pink,,images/FP007546.jpg,Product: Nike Men's As Emb Sneaker T-Shirts. Category: Clothing. Subcategory: T-Shirt. Gender: Men. Color: Pink.,Fashion Product Images Small,Apparel,Topwear,Tshirts,Tshirts
FP007563,7563,Nike Men's As Spher Navy Blue T-shirt,,Clothing,T-Shirt,Men,Navy Blue,,images/FP007563.jpg,Product: Nike Men's As Spher Navy Blue T-shirt. Category: Clothing. Subcategory: T-Shirt. Gender: Men. Color: Navy Blue.,Fashion Product Images Small,Apparel,Topwear,Tshirts,Tshirts
FP007572,7572,Nike Men's As Miler UV SS Orange T-shirt,,Clothing,T-Shirt,Men,Orange,,images/FP007572.jpg,Product: Nike Men's As Miler UV SS Orange T-shirt. Category: Clothing. Subcategory: T-Shirt. Gender: Men. Color: Orange.,Fashion Product Images Small,Apparel,Topwear,Tshirts,Tshirts
FP007592,7592,Nike Men's Dunk Low Blue Shoe,,Shoes,Sports Shoes,Men,Blue,,images/FP007592.jpg,Product: Nike Men's Dunk Low Blue Shoe. Category: Shoes. Subcategory: Sports Shoes. Gender: Men. Color: Blue.,Fashion Product Images Small,Footwear,Shoes,Sports Shoes,Exact articleType: Sports Shoes
FP007637,7637,Puma Men's Slogan Blue T-shirt,,Clothing,T-Shirt,Men,Blue,,images/FP007637.jpg,Product: Puma Men's Slogan Blue T-shirt. Category: Clothing. Subcategory: T-Shirt. Gender: Men. Color: Blue.,Fashion Product Images Small,Apparel,Topwear,Tshirts,Tshirts
FP007658,7658,Puma Men's Toe Crusher Club Purple T-shirt,,Clothing,T-Shirt,Men,Purple,,images/FP007658.jpg,Product: Puma Men's Toe Crusher Club Purple T-shirt. Category: Clothing. Subcategory: T-Shirt. Gender: Men. Color: Purple.,Fashion Product Images Small,Apparel,Topwear,Tshirts,Tshirts
FP007683,7683,Puma Men Windbreaker Black Ferrari Jacket,,Clothing,Jacket,Men,Black,,images/FP007683.jpg,Product: Puma Men Windbreaker Black Ferrari Jacket. Category: Clothing. Subcategory: Jacket. Gender: Men. Color: Black.,Fashion Product Images Small,Apparel,Topwear,Jackets,Exact articleType: Jackets
FP007717,7717,Puma Women Soleil Stud White Shadow Purple Shoe,,Shoes,Casual Shoes,Women,White,,images/FP007717.jpg,Product: Puma Women Soleil Stud White Shadow Purple Shoe. Category: Shoes. Subcategory: Casual Shoes. Gender: Women. Color: White.,Fashion Product Images Small,Footwear,Shoes,Casual Shoes,Exact articleType: Casual Shoes
FP007730,7730,Puma Men Apex Black Olive Sandal,,Shoes,Sandals,Men,Black,,images/FP007730.jpg,Product: Puma Men Apex Black Olive Sandal. Category: Shoes. Subcategory: Sandals. Gender: Men. Color: Black.,Fashion Product Images Small,Footwear,Sandal,Sandals,Exact articleType: Sandals
FP007743,7743,Indigo Nation Men Red Polo T-shirt,,Clothing,Polo,Men,Red,,images/FP007743.jpg,Product: Indigo Nation Men Red Polo T-shirt. Category: Clothing. Subcategory: Polo. Gender: Men. Color: Red.,Fashion Product Images Small,Apparel,Topwear,Tshirts,Tshirts + product name contains Polo
FP007753,7753,Fila Men's Victory Black Shoe,,Shoes,Sports Shoes,Men,Black,,images/FP007753.jpg,Product: Fila Men's Victory Black Shoe. Category: Shoes. Subcategory: Sports Shoes. Gender: Men. Color: Black.,Fashion Product Images Small,Footwear,Shoes,Sports Shoes,Exact articleType: Sports Shoes
FP007789,7789,Proline Men Blue Polo T-shirt,,Clothing,Polo,Men,Blue,,images/FP007789.jpg,Product: Proline Men Blue Polo T-shirt. Category: Clothing. Subcategory: Polo. Gender: Men. Color: Blue.,Fashion Product Images Small,Apparel,Topwear,Tshirts,Tshirts + product name contains Polo
FP007799,7799,Puma Men's Manilla Hi White Shoe,,Shoes,Casual Shoes,Men,White,,images/FP007799.jpg,Product: Puma Men's Manilla Hi White Shoe. Category: Shoes. Subcategory: Casual Shoes. Gender: Men. Color: White.,Fashion Product Images Small,Footwear,Shoes,Casual Shoes,Exact articleType: Casual Shoes
FP007819,7819,Proline Men Teal Blue Striped Polo T-shirt,,Clothing,Polo,Men,Teal,,images/FP007819.jpg,Product: Proline Men Teal Blue Striped Polo T-shirt. Category: Clothing. Subcategory: Polo. Gender: Men. Color: Teal.,Fashion Product Images Small,Apparel,Topwear,Tshirts,Tshirts + product name contains Polo
FP007843,7843,Puma Women's Axis XT White Blue Shoe,,Shoes,Sports Shoes,Women,White,,images/FP007843.jpg,Product: Puma Women's Axis XT White Blue Shoe. Category: Shoes. Subcategory: Sports Shoes. Gender: Women. Color: White.,Fashion Product Images Small,Footwear,Shoes,Sports Shoes,Exact articleType: Sports Shoes
FP007846,7846,Puma Men's Excitemo Black White Silver Shoe,,Shoes,Sports Shoes,Men,Black,,images/FP007846.jpg,Product: Puma Men's Excitemo Black White Silver Shoe. Category: Shoes. Subcategory: Sports Shoes. Gender: Men. Color: Black.,Fashion Product Images Small,Footwear,Shoes,Sports Shoes,Exact articleType: Sports Shoes
FP007906,7906,Proline Men Black & Navy Striped Polo T-shirt,,Clothing,Polo,Men,Black,,images/FP007906.jpg,Product: Proline Men Black & Navy Striped Polo T-shirt. Category: Clothing. Subcategory: Polo. Gender: Men. Color: Black.,Fashion Product Images Small,Apparel,Topwear,Tshirts,Tshirts + product name contains Polo
FP007914,7914,Proline Men Purple Printed T-shirt,,Clothing,T-Shirt,Men,Purple,,images/FP007914.jpg,Product: Proline Men Purple Printed T-shirt. Category: Clothing. Subcategory: T-Shirt. Gender: Men. Color: Purple.,Fashion Product Images Small,Apparel,Topwear,Tshirts,Tshirts
FP007930,7930,Proline Men Black Polo T-shirt,,Clothing,Polo,Men,Black,,images/FP007930.jpg,Product: Proline Men Black Polo T-shirt. Category: Clothing. Subcategory: Polo. Gender: Men. Color: Black.,Fashion Product Images Small,Apparel,Topwear,Tshirts,Tshirts + product name contains Polo
FP007966,7966,Red Tape Men Casual Black Floater,,Shoes,Sandals,Men,Black,,images/FP007966.jpg,Product: Red Tape Men Casual Black Floater. Category: Shoes. Subcategory: Sandals. Gender: Men. Color: Black.,Fashion Product Images Small,Footwear,Sandal,Sandals,Exact articleType: Sandals
FP007970,7970,Fila Unisex Aqua Gripparre Brown Sandals,,Shoes,Sandals,Unisex,Brown,,images/FP007970.jpg,Product: Fila Unisex Aqua Gripparre Brown Sandals. Category: Shoes. Subcategory: Sandals. Gender: Unisex. Color: Brown.,Fashion Product Images Small,Footwear,Sandal,Sandals,Exact articleType: Sandals
FP007971,7971,Fila Men Grey & Black Aqua Grippare Sports Sandals,,Shoes,Sandals,Men,Grey,,images/FP007971.jpg,Product: Fila Men Grey & Black Aqua Grippare Sports Sandals. Category: Shoes. Subcategory: Sandals. Gender: Men. Color: Grey.,Fashion Product Images Small,Footwear,Sandal,Sports Sandals,Exact articleType: Sports Sandals
FP007987,7987,Fila Men Fusion Black Sports Shoes,,Shoes,Sports Shoes,Men,Black,,images/FP007987.jpg,Product: Fila Men Fusion Black Sports Shoes. Category: Shoes. Subcategory: Sports Shoes. Gender: Men. Color: Black.,Fashion Product Images Small,Footwear,Shoes,Sports Shoes,Exact articleType: Sports Shoes
FP008084,8084,ADIDAS Men Uraha 3 M White Sports Shoes,,Shoes,Sports Shoes,Men,White,,images/FP008084.jpg,Product: ADIDAS Men Uraha 3 M White Sports Shoes. Category: Shoes. Subcategory: Sports Shoes. Gender: Men. Color: White.,Fashion Product Images Small,Footwear,Shoes,Sports Shoes,Exact articleType: Sports Shoes
FP008218,8218,Nike Men's Air Googly 2 White Orange Shoe,,Shoes,Sports Shoes,Men,White,,images/FP008218.jpg,Product: Nike Men's Air Googly 2 White Orange Shoe. Category: Shoes. Subcategory: Sports Shoes. Gender: Men. Color: White.,Fashion Product Images Small,Footwear,Shoes,Sports Shoes,Exact articleType: Sports Shoes
FP008247,8247,Converse Unisex Mono Black Canvas,,Shoes,Casual Shoes,Unisex,Black,,images/FP008247.jpg,Product: Converse Unisex Mono Black Canvas. Category: Shoes. Subcategory: Casual Shoes. Gender: Unisex. Color: Black.,Fashion Product Images Small,Footwear,Shoes,Casual Shoes,Exact articleType: Casual Shoes
FP008249,8249,Converse Unisex Chuck Logo Print Black Canvas,,Shoes,Casual Shoes,Unisex,Black,,images/FP008249.jpg,Product: Converse Unisex Chuck Logo Print Black Canvas. Category: Shoes. Subcategory: Casual Shoes. Gender: Unisex. Color: Black.,Fashion Product Images Small,Footwear,Shoes,Casual Shoes,Exact articleType: Casual Shoes
FP008256,8256,Puma Men's Silly Point White Shoe,,Shoes,Sports Shoes,Men,White,,images/FP008256.jpg,Product: Puma Men's Silly Point White Shoe. Category: Shoes. Subcategory: Sports Shoes. Gender: Men. Color: White.,Fashion Product Images Small,Footwear,Shoes,Sports Shoes,Exact articleType: Sports Shoes
FP008292,8292,Mr.Men Men's Royal Blue T-shirt,,Clothing,T-Shirt,Men,Blue,,images/FP008292.jpg,Product: Mr.Men Men's Royal Blue T-shirt. Category: Clothing. Subcategory: T-Shirt. Gender: Men. Color: Blue.,Fashion Product Images Small,Apparel,Topwear,Tshirts,Tshirts
FP008303,8303,Reebok Men's Game Trainer White Shoe,,Shoes,Sports Shoes,Men,White,,images/FP008303.jpg,Product: Reebok Men's Game Trainer White Shoe. Category: Shoes. Subcategory: Sports Shoes. Gender: Men. Color: White.,Fashion Product Images Small,Footwear,Shoes,Sports Shoes,Exact articleType: Sports Shoes
FP008343,8343,ADIDAS Men Slimsoll Black Sports Shoes,,Shoes,Sports Shoes,Men,Black,,images/FP008343.jpg,Product: ADIDAS Men Slimsoll Black Sports Shoes. Category: Shoes. Subcategory: Sports Shoes. Gender: Men. Color: Black.,Fashion Product Images Small,Footwear,Shoes,Sports Shoes,Exact articleType: Sports Shoes
FP008387,8387,ADIDAS Men  Navy Blue Polo T-shirt,,Clothing,Polo,Men,Navy Blue,,images/FP008387.jpg,Product: ADIDAS Men  Navy Blue Polo T-shirt. Category: Clothing. Subcategory: Polo. Gender: Men. Color: Navy Blue.,Fashion Product Images Small,Apparel,Topwear,Tshirts,Tshirts + product name contains Polo
FP008391,8391,ADIDAS Men Navy Blue Polo Tshirts,,Clothing,Polo,Men,Navy Blue,,images/FP008391.jpg,Product: ADIDAS Men Navy Blue Polo Tshirts. Category: Clothing. Subcategory: Polo. Gender: Men. Color: Navy Blue.,Fashion Product Images Small,Apparel,Topwear,Tshirts,Tshirts + product name contains Polo
FP008477,8477,Forever New Women Washed Blue Jacket,,Clothing,Jacket,Women,Blue,,images/FP008477.jpg,Product: Forever New Women Washed Blue Jacket. Category: Clothing. Subcategory: Jacket. Gender: Women. Color: Blue.,Fashion Product Images Small,Apparel,Topwear,Jackets,Exact articleType: Jackets
FP008527,8527,Nike Men Nike air embark Black Sandals,,Shoes,Sandals,Men,Black,,images/FP008527.jpg,Product: Nike Men Nike air embark Black Sandals. Category: Shoes. Subcategory: Sandals. Gender: Men. Color: Black.,Fashion Product Images Small,Footwear,Sandal,Sandals,Exact articleType: Sandals
FP008613,8613,Scullers Men Purple Polo T-Shirt,,Clothing,Polo,Men,Purple,,images/FP008613.jpg,Product: Scullers Men Purple Polo T-Shirt. Category: Clothing. Subcategory: Polo. Gender: Men. Color: Purple.,Fashion Product Images Small,Apparel,Topwear,Tshirts,Tshirts + product name contains Polo
FP008716,8716,Indigo Nation Men Purple Polo Tshirts,,Clothing,Polo,Men,Purple,,images/FP008716.jpg,Product: Indigo Nation Men Purple Polo Tshirts. Category: Clothing. Subcategory: Polo. Gender: Men. Color: Purple.,Fashion Product Images Small,Apparel,Topwear,Tshirts,Tshirts + product name contains Polo
FP008754,8754,Crocs Kids Duet Red Floater,,Shoes,Sandals,Unisex,Red,,images/FP008754.jpg,Product: Crocs Kids Duet Red Floater. Category: Shoes. Subcategory: Sandals. Gender: Unisex. Color: Red.,Fashion Product Images Small,Footwear,Sandal,Sandals,Exact articleType: Sandals
FP008785,8785,Lotto Women Cathy Pink Jacket,,Clothing,Jacket,Women,Pink,,images/FP008785.jpg,Product: Lotto Women Cathy Pink Jacket. Category: Clothing. Subcategory: Jacket. Gender: Women. Color: Pink.,Fashion Product Images Small,Apparel,Topwear,Jackets,Exact articleType: Jackets
FP008911,8911,Puma Unisex Suede Archive NM Team Regal Red Red Shoe,,Shoes,Casual Shoes,Unisex,Red,,images/FP008911.jpg,Product: Puma Unisex Suede Archive NM Team Regal Red Red Shoe. Category: Shoes. Subcategory: Casual Shoes. Gender: Unisex. Color: Red.,Fashion Product Images Small,Footwear,Shoes,Casual Shoes,Exact articleType: Casual Shoes
FP008962,8962,Numero Uno Men Black Canvas Shoe,,Shoes,Casual Shoes,Men,Black,,images/FP008962.jpg,Product: Numero Uno Men Black Canvas Shoe. Category: Shoes. Subcategory: Casual Shoes. Gender: Men. Color: Black.,Fashion Product Images Small,Footwear,Shoes,Casual Shoes,Exact articleType: Casual Shoes
FP008963,8963,Puma Women Super Elevate Black Sports Shoes,,Shoes,Sports Shoes,Women,Black,,images/FP008963.jpg,Product: Puma Women Super Elevate Black Sports Shoes. Category: Shoes. Subcategory: Sports Shoes. Gender: Women. Color: Black.,Fashion Product Images Small,Footwear,Shoes,Sports Shoes,Exact articleType: Sports Shoes
FP008974,8974,Puma Men Drift Cat III NM Black Sports Shoes,,Shoes,Sports Shoes,Men,Black,,images/FP008974.jpg,Product: Puma Men Drift Cat III NM Black Sports Shoes. Category: Shoes. Subcategory: Sports Shoes. Gender: Men. Color: Black.,Fashion Product Images Small,Footwear,Shoes,Sports Shoes,Exact articleType: Sports Shoes
FP008982,8982,Puma Men Evo Ducati Lo White Casual Shoes,,Shoes,Casual Shoes,Men,White,,images/FP008982.jpg,Product: Puma Men Evo Ducati Lo White Casual Shoes. Category: Shoes. Subcategory: Casual Shoes. Gender: Men. Color: White.,Fashion Product Images Small,Footwear,Shoes,Casual Shoes,Exact articleType: Casual Shoes
FP008989,8989,Puma Unisex Evo Black Casual Shoes,,Shoes,Casual Shoes,Unisex,Black,,images/FP008989.jpg,Product: Puma Unisex Evo Black Casual Shoes. Category: Shoes. Subcategory: Casual Shoes. Gender: Unisex. Color: Black.,Fashion Product Images Small,Footwear,Shoes,Casual Shoes,Exact articleType: Casual Shoes
FP009002,9002,Puma Men 917Lo Riddim 50s oc Black Casual Shoes,,Shoes,Casual Shoes,Men,Black,,images/FP009002.jpg,Product: Puma Men 917Lo Riddim 50s oc Black Casual Shoes. Category: Shoes. Subcategory: Casual Shoes. Gender: Men. Color: Black.,Fashion Product Images Small,Footwear,Shoes,Casual Shoes,Exact articleType: Casual Shoes
FP009026,9026,Buckaroo Men New Evita Brown Casual Shoes,,Shoes,Casual Shoes,Men,Brown,,images/FP009026.jpg,Product: Buckaroo Men New Evita Brown Casual Shoes. Category: Shoes. Subcategory: Casual Shoes. Gender: Men. Color: Brown.,Fashion Product Images Small,Footwear,Shoes,Casual Shoes,Exact articleType: Casual Shoes
FP009028,9028,Buckaroo Men Mairin Brown Casual Shoes,,Shoes,Casual Shoes,Men,Brown,,images/FP009028.jpg,Product: Buckaroo Men Mairin Brown Casual Shoes. Category: Shoes. Subcategory: Casual Shoes. Gender: Men. Color: Brown.,Fashion Product Images Small,Footwear,Shoes,Casual Shoes,Exact articleType: Casual Shoes
FP009109,9109,Puma Unisex Faas 300 Black Sports Shoes,,Shoes,Sports Shoes,Unisex,Black,,images/FP009109.jpg,Product: Puma Unisex Faas 300 Black Sports Shoes. Category: Shoes. Subcategory: Sports Shoes. Gender: Unisex. Color: Black.,Fashion Product Images Small,Footwear,Shoes,Sports Shoes,Exact articleType: Sports Shoes
FP009124,9124,Puma Men Jiyu 2 White Casual Shoes,,Shoes,Casual Shoes,Men,White,,images/FP009124.jpg,Product: Puma Men Jiyu 2 White Casual Shoes. Category: Shoes. Subcategory: Casual Shoes. Gender: Men. Color: White.,Fashion Product Images Small,Footwear,Shoes,Casual Shoes,Exact articleType: Casual Shoes
FP009129,9129,Puma Men Bolt Faas 400 Black Sports Shoes,,Shoes,Sports Shoes,Men,Black,,images/FP009129.jpg,Product: Puma Men Bolt Faas 400 Black Sports Shoes. Category: Shoes. Subcategory: Sports Shoes. Gender: Men. Color: Black.,Fashion Product Images Small,Footwear,Shoes,Sports Shoes,Exact articleType: Sports Shoes
FP009136,9136,Puma Men Iknois 2 XT Black Sports Shoes,,Shoes,Sports Shoes,Men,Black,,images/FP009136.jpg,Product: Puma Men Iknois 2 XT Black Sports Shoes. Category: Shoes. Subcategory: Sports Shoes. Gender: Men. Color: Black.,Fashion Product Images Small,Footwear,Shoes,Sports Shoes,Exact articleType: Sports Shoes
FP009217,9217,Puma Men D Force Mid SF White Casual Shoes,,Shoes,Casual Shoes,Men,White,,images/FP009217.jpg,Product: Puma Men D Force Mid SF White Casual Shoes. Category: Shoes. Subcategory: Casual Shoes. Gender: Men. Color: White.,Fashion Product Images Small,Footwear,Shoes,Casual Shoes,Exact articleType: Casual Shoes
FP009218,9218,Puma Men Benecio Canvas Blue Casual Shoes,,Shoes,Casual Shoes,Men,Blue,,images/FP009218.jpg,Product: Puma Men Benecio Canvas Blue Casual Shoes. Category: Shoes. Subcategory: Casual Shoes. Gender: Men. Color: Blue.,Fashion Product Images Small,Footwear,Shoes,Casual Shoes,Exact articleType: Casual Shoes
FP009273,9273,Nike Men Main Draw White Shoe,,Shoes,Sports Shoes,Men,White,,images/FP009273.jpg,Product: Nike Men Main Draw White Shoe. Category: Shoes. Subcategory: Sports Shoes. Gender: Men. Color: White.,Fashion Product Images Small,Footwear,Shoes,Sports Shoes,Exact articleType: Sports Shoes
FP009341,9341,Puma Men Electro Cat White T-shirt,,Clothing,T-Shirt,Men,White,,images/FP009341.jpg,Product: Puma Men Electro Cat White T-shirt. Category: Clothing. Subcategory: T-Shirt. Gender: Men. Color: White.,Fashion Product Images Small,Apparel,Topwear,Tshirts,Tshirts
FP009396,9396,Nike Women Wmns Lun Black Sports Shoes,,Shoes,Sports Shoes,Women,Black,,images/FP009396.jpg,Product: Nike Women Wmns Lun Black Sports Shoes. Category: Shoes. Subcategory: Sports Shoes. Gender: Women. Color: Black.,Fashion Product Images Small,Footwear,Shoes,Sports Shoes,Exact articleType: Sports Shoes
FP009405,9405,FILA Men INTENSE White Shoes,,Shoes,Sports Shoes,Men,White,,images/FP009405.jpg,Product: FILA Men INTENSE White Shoes. Category: Shoes. Subcategory: Sports Shoes. Gender: Men. Color: White.,Fashion Product Images Small,Footwear,Shoes,Sports Shoes,Exact articleType: Sports Shoes
FP009433,9433,Nike Men Air Max+ 2011 White Sports Shoes,,Shoes,Sports Shoes,Men,White,,images/FP009433.jpg,Product: Nike Men Air Max+ 2011 White Sports Shoes. Category: Shoes. Subcategory: Sports Shoes. Gender: Men. Color: White.,Fashion Product Images Small,Footwear,Shoes,Sports Shoes,Exact articleType: Sports Shoes
FP009692,9692,Classic Polo Men Ikon Navy Blue Polo Tshirts,,Clothing,Polo,Men,Navy Blue,,images/FP009692.jpg,Product: Classic Polo Men Ikon Navy Blue Polo Tshirts. Category: Clothing. Subcategory: Polo. Gender: Men. Color: Navy Blue.,Fashion Product Images Small,Apparel,Topwear,Tshirts,Tshirts + product name contains Polo
FP009757,9757,Classic Polo Men Ikon Blue Polo Tshirts,,Clothing,Polo,Men,Blue,,images/FP009757.jpg,Product: Classic Polo Men Ikon Blue Polo Tshirts. Category: Clothing. Subcategory: Polo. Gender: Men. Color: Blue.,Fashion Product Images Small,Apparel,Topwear,Tshirts,Tshirts + product name contains Polo
FP009771,9771,ADIDAS Men Adna Blue Jackets,,Clothing,Jacket,Men,Blue,,images/FP009771.jpg,Product: ADIDAS Men Adna Blue Jackets. Category: Clothing. Subcategory: Jacket. Gender: Men. Color: Blue.,Fashion Product Images Small,Apparel,Topwear,Jackets,Exact articleType: Jackets
FP009780,9780,ADIDAS Men Grey Polo Tshirts,,Clothing,Polo,Men,Grey,,images/FP009780.jpg,Product: ADIDAS Men Grey Polo Tshirts. Category: Clothing. Subcategory: Polo. Gender: Men. Color: Grey.,Fashion Product Images Small,Apparel,Topwear,Tshirts,Tshirts + product name contains Polo
FP009796,9796,Hush Puppies Unisex Slip on Brown Floaters,,Shoes,Sandals,Unisex,Brown,,images/FP009796.jpg,Product: Hush Puppies Unisex Slip on Brown Floaters. Category: Shoes. Subcategory: Sandals. Gender: Unisex. Color: Brown.,Fashion Product Images Small,Footwear,Sandal,Sandals,Exact articleType: Sandals
FP009870,9870,Status Quo Men Stripes Pink Tshirts,,Clothing,T-Shirt,Men,Pink,,images/FP009870.jpg,Product: Status Quo Men Stripes Pink Tshirts. Category: Clothing. Subcategory: T-Shirt. Gender: Men. Color: Pink.,Fashion Product Images Small,Apparel,Topwear,Tshirts,Tshirts
FP009871,9871,Status Quo Men Stripes Green Tshirts,,Clothing,T-Shirt,Men,Green,,images/FP009871.jpg,Product: Status Quo Men Stripes Green Tshirts. Category: Clothing. Subcategory: T-Shirt. Gender: Men. Color: Green.,Fashion Product Images Small,Apparel,Topwear,Tshirts,Tshirts
FP009942,9942,Probase Men Last Week Maroon Tshirts,,Clothing,T-Shirt,Men,Maroon,,images/FP009942.jpg,Product: Probase Men Last Week Maroon Tshirts. Category: Clothing. Subcategory: T-Shirt. Gender: Men. Color: Maroon.,Fashion Product Images Small,Apparel,Topwear,Tshirts,Tshirts
FP009947,9947,ADIDAS Men Torment Blue Jackets,,Clothing,Jacket,Men,Blue,,images/FP009947.jpg,Product: ADIDAS Men Torment Blue Jackets. Category: Clothing. Subcategory: Jacket. Gender: Men. Color: Blue.,Fashion Product Images Small,Apparel,Topwear,Jackets,Exact articleType: Jackets
FP009957,9957,Nike Men Arsenal Authe White T-Shirts,,Clothing,T-Shirt,Men,White,,images/FP009957.jpg,Product: Nike Men Arsenal Authe White T-Shirts. Category: Clothing. Subcategory: T-Shirt. Gender: Men. Color: White.,Fashion Product Images Small,Apparel,Topwear,Tshirts,Tshirts
FP009970,9970,Nike Men As Squad Ft C Black Sweatshirts,,Clothing,Sweatshirt,Men,Black,,images/FP009970.jpg,Product: Nike Men As Squad Ft C Black Sweatshirts. Category: Clothing. Subcategory: Sweatshirt. Gender: Men. Color: Black.,Fashion Product Images Small,Apparel,Topwear,Sweatshirts,Exact articleType: Sweatshirts
FP009971,9971,Nike Men As Squad Ft C Blue Sweatshirts,,Clothing,Sweatshirt,Men,Blue,,images/FP009971.jpg,Product: Nike Men As Squad Ft C Blue Sweatshirts. Category: Clothing. Subcategory: Sweatshirt. Gender: Men. Color: Blue.,Fashion Product Images Small,Apparel,Topwear,Sweatshirts,Exact articleType: Sweatshirts
FP009980,9980,Nike Men As Sideline J Black Jackets,,Clothing,Jacket,Men,Black,,images/FP009980.jpg,Product: Nike Men As Sideline J Black Jackets. Category: Clothing. Subcategory: Jacket. Gender: Men. Color: Black.,Fashion Product Images Small,Apparel,Topwear,Jackets,Exact articleType: Jackets
FP010017,10017,Nike Women As The Windru Blue Jackets,,Clothing,Jacket,Women,Blue,,images/FP010017.jpg,Product: Nike Women As The Windru Blue Jackets. Category: Clothing. Subcategory: Jacket. Gender: Women. Color: Blue.,Fashion Product Images Small,Apparel,Topwear,Jackets,Exact articleType: Jackets
FP010028,10028,Nike Women As Club Jerse White T-Shirts,,Clothing,T-Shirt,Women,White,,images/FP010028.jpg,Product: Nike Women As Club Jerse White T-Shirts. Category: Clothing. Subcategory: T-Shirt. Gender: Women. Color: White.,Fashion Product Images Small,Apparel,Topwear,Tshirts,Tshirts
FP010029,10029,Nike Women As Script Mas Navy Blue Sweatshirts,,Clothing,Sweatshirt,Women,Navy Blue,,images/FP010029.jpg,Product: Nike Women As Script Mas Navy Blue Sweatshirts. Category: Clothing. Subcategory: Sweatshirt. Gender: Women. Color: Navy Blue.,Fashion Product Images Small,Apparel,Topwear,Sweatshirts,Exact articleType: Sweatshirts
FP010042,10042,Nike Women Pink Polo Tshirts,,Clothing,Polo,Women,Pink,,images/FP010042.jpg,Product: Nike Women Pink Polo Tshirts. Category: Clothing. Subcategory: Polo. Gender: Women. Color: Pink.,Fashion Product Images Small,Apparel,Topwear,Tshirts,Tshirts + product name contains Polo
FP010110,10110,Reebok Women Instant White Sports Shoes,,Shoes,Sports Shoes,Women,White,,images/FP010110.jpg,Product: Reebok Women Instant White Sports Shoes. Category: Shoes. Subcategory: Sports Shoes. Gender: Women. Color: White.,Fashion Product Images Small,Footwear,Shoes,Sports Shoes,Exact articleType: Sports Shoes
FP010293,10293,Clarks Men Unstructured Leather Brown Sandals,,Shoes,Sandals,Men,Brown,,images/FP010293.jpg,Product: Clarks Men Unstructured Leather Brown Sandals. Category: Shoes. Subcategory: Sandals. Gender: Men. Color: Brown.,Fashion Product Images Small,Footwear,Sandal,Sandals,Exact articleType: Sandals
FP010304,10304,Clarks Men Vieri Deck Leather Black Sandals,,Shoes,Sandals,Men,Black,,images/FP010304.jpg,Product: Clarks Men Vieri Deck Leather Black Sandals. Category: Shoes. Subcategory: Sandals. Gender: Men. Color: Black.,Fashion Product Images Small,Footwear,Sandal,Sandals,Exact articleType: Sandals
FP010357,10357,United Colors of Benetton Men Maroon Polo Tshirt,,Clothing,Polo,Men,Maroon,,images/FP010357.jpg,Product: United Colors of Benetton Men Maroon Polo Tshirt. Category: Clothing. Subcategory: Polo. Gender: Men. Color: Maroon.,Fashion Product Images Small,Apparel,Topwear,Tshirts,Tshirts + product name contains Polo
FP010371,10371,United Colors of Benetton Men Printed Black Sweatshirt,,Clothing,Sweatshirt,Men,Black,,images/FP010371.jpg,Product: United Colors of Benetton Men Printed Black Sweatshirt. Category: Clothing. Subcategory: Sweatshirt. Gender: Men. Color: Black.,Fashion Product Images Small,Apparel,Topwear,Sweatshirts,Exact articleType: Sweatshirts
FP010373,10373,United Colors of Benetton Men Solid Black Tshirts,,Clothing,T-Shirt,Men,Black,,images/FP010373.jpg,Product: United Colors of Benetton Men Solid Black Tshirts. Category: Clothing. Subcategory: T-Shirt. Gender: Men. Color: Black.,Fashion Product Images Small,Apparel,Topwear,Tshirts,Tshirts
FP010374,10374,United Colors of Benetton Women Solid Green T-shirt,,Clothing,T-Shirt,Women,Green,,images/FP010374.jpg,Product: United Colors of Benetton Women Solid Green T-shirt. Category: Clothing. Subcategory: T-Shirt. Gender: Women. Color: Green.,Fashion Product Images Small,Apparel,Topwear,Tshirts,Tshirts
FP010376,10376,United Colors of Benetton Men Printed Blue Tshirts,,Clothing,T-Shirt,Men,Blue,,images/FP010376.jpg,Product: United Colors of Benetton Men Printed Blue Tshirts. Category: Clothing. Subcategory: T-Shirt. Gender: Men. Color: Blue.,Fashion Product Images Small,Apparel,Topwear,Tshirts,Tshirts
FP010436,10436,Flying Machine Men Pink Polo Tshirts,,Clothing,Polo,Men,Pink,,images/FP010436.jpg,Product: Flying Machine Men Pink Polo Tshirts. Category: Clothing. Subcategory: Polo. Gender: Men. Color: Pink.,Fashion Product Images Small,Apparel,Topwear,Tshirts,Tshirts + product name contains Polo
FP010446,10446,Flying Machine Men Red Polo Tshirts,,Clothing,Polo,Men,Red,,images/FP010446.jpg,Product: Flying Machine Men Red Polo Tshirts. Category: Clothing. Subcategory: Polo. Gender: Men. Color: Red.,Fashion Product Images Small,Apparel,Topwear,Tshirts,Tshirts + product name contains Polo
FP010449,10449,Flying Machine Men Black Polo Tshirts,,Clothing,Polo,Men,Black,,images/FP010449.jpg,Product: Flying Machine Men Black Polo Tshirts. Category: Clothing. Subcategory: Polo. Gender: Men. Color: Black.,Fashion Product Images Small,Apparel,Topwear,Tshirts,Tshirts + product name contains Polo
FP010450,10450,Flying Machine Men Blue Polo Tshirts,,Clothing,Polo,Men,Blue,,images/FP010450.jpg,Product: Flying Machine Men Blue Polo Tshirts. Category: Clothing. Subcategory: Polo. Gender: Men. Color: Blue.,Fashion Product Images Small,Apparel,Topwear,Tshirts,Tshirts + product name contains Polo
FP010451,10451,Flying Machine Men Blue Polo Tshirts,,Clothing,Polo,Men,Blue,,images/FP010451.jpg,Product: Flying Machine Men Blue Polo Tshirts. Category: Clothing. Subcategory: Polo. Gender: Men. Color: Blue.,Fashion Product Images Small,Apparel,Topwear,Tshirts,Tshirts + product name contains Polo
FP010458,10458,Flying Machine Men Green Polo Tshirts,,Clothing,Polo,Men,Green,,images/FP010458.jpg,Product: Flying Machine Men Green Polo Tshirts. Category: Clothing. Subcategory: Polo. Gender: Men. Color: Green.,Fashion Product Images Small,Apparel,Topwear,Tshirts,Tshirts + product name contains Polo
FP010463,10463,Flying Machine Men Grey Polo Tshirts,,Clothing,Polo,Men,Grey,,images/FP010463.jpg,Product: Flying Machine Men Grey Polo Tshirts. Category: Clothing. Subcategory: Polo. Gender: Men. Color: Grey.,Fashion Product Images Small,Apparel,Topwear,Tshirts,Tshirts + product name contains Polo
FP010483,10483,Flying Machine Men Damson Maroon Tshirts,,Clothing,T-Shirt,Men,Pink,,images/FP010483.jpg,Product: Flying Machine Men Damson Maroon Tshirts. Category: Clothing. Subcategory: T-Shirt. Gender: Men. Color: Pink.,Fashion Product Images Small,Apparel,Topwear,Tshirts,Tshirts
FP010494,10494,Flying Machine Women Blue Polo Tshirts,,Clothing,Polo,Women,Blue,,images/FP010494.jpg,Product: Flying Machine Women Blue Polo Tshirts. Category: Clothing. Subcategory: Polo. Gender: Women. Color: Blue.,Fashion Product Images Small,Apparel,Topwear,Tshirts,Tshirts + product name contains Polo
FP010575,10575,Puma Women Ess Pink Polo Tshirts,,Clothing,Polo,Women,Pink,,images/FP010575.jpg,Product: Puma Women Ess Pink Polo Tshirts. Category: Clothing. Subcategory: Polo. Gender: Women. Color: Pink.,Fashion Product Images Small,Apparel,Topwear,Tshirts,Tshirts + product name contains Polo
FP010610,10610,Flying Machine Men Green Polo Tshirts,,Clothing,Polo,Men,Blue,,images/FP010610.jpg,Product: Flying Machine Men Green Polo Tshirts. Category: Clothing. Subcategory: Polo. Gender: Men. Color: Blue.,Fashion Product Images Small,Apparel,Topwear,Tshirts,Tshirts + product name contains Polo
FP010615,10615,Carlton London Women balle Grey Casual Shoes,,Shoes,Casual Shoes,Women,Cream,,images/FP010615.jpg,Product: Carlton London Women balle Grey Casual Shoes. Category: Shoes. Subcategory: Casual Shoes. Gender: Women. Color: Cream.,Fashion Product Images Small,Footwear,Shoes,Casual Shoes,Exact articleType: Casual Shoes
FP010830,10830,Wrangler Men White Polo Tshirts,,Clothing,Polo,Men,White,,images/FP010830.jpg,Product: Wrangler Men White Polo Tshirts. Category: Clothing. Subcategory: Polo. Gender: Men. Color: White.,Fashion Product Images Small,Apparel,Topwear,Tshirts,Tshirts + product name contains Polo
FP010840,10840,Wrangler Men Green Polo T-shirt,,Clothing,Polo,Men,Green,,images/FP010840.jpg,Product: Wrangler Men Green Polo T-shirt. Category: Clothing. Subcategory: Polo. Gender: Men. Color: Green.,Fashion Product Images Small,Apparel,Topwear,Tshirts,Tshirts + product name contains Polo
FP010853,10853,Wrangler Men Blue Polo Tshirts,,Clothing,Polo,Men,Blue,,images/FP010853.jpg,Product: Wrangler Men Blue Polo Tshirts. Category: Clothing. Subcategory: Polo. Gender: Men. Color: Blue.,Fashion Product Images Small,Apparel,Topwear,Tshirts,Tshirts + product name contains Polo
FP010885,10885,Wrangler Men Glow in Dark Teal T-shirt,,Clothing,T-Shirt,Men,Teal,,images/FP010885.jpg,Product: Wrangler Men Glow in Dark Teal T-shirt. Category: Clothing. Subcategory: T-Shirt. Gender: Men. Color: Teal.,Fashion Product Images Small,Apparel,Topwear,Tshirts,Tshirts
FP010988,10988,Inkfruit Women Flying Advantures Pink Tshirts,,Clothing,T-Shirt,Women,Pink,,images/FP010988.jpg,Product: Inkfruit Women Flying Advantures Pink Tshirts. Category: Clothing. Subcategory: T-Shirt. Gender: Women. Color: Pink.,Fashion Product Images Small,Apparel,Topwear,Tshirts,Tshirts
FP011256,11256,Puma Men Black Printed Shield T-shirt,,Clothing,T-Shirt,Men,Black,,images/FP011256.jpg,Product: Puma Men Black Printed Shield T-shirt. Category: Clothing. Subcategory: T-Shirt. Gender: Men. Color: Black.,Fashion Product Images Small,Apparel,Topwear,Tshirts,Tshirts
FP011273,11273,Nike Men  Blue Jacket,,Clothing,Jacket,Men,Blue,,images/FP011273.jpg,Product: Nike Men  Blue Jacket. Category: Clothing. Subcategory: Jacket. Gender: Men. Color: Blue.,Fashion Product Images Small,Apparel,Topwear,Jackets,Exact articleType: Jackets
FP011385,11385,United Colors Of Benetton Women Light Winter Black Sweatshirts,,Clothing,Sweatshirt,Women,Black,,images/FP011385.jpg,Product: United Colors Of Benetton Women Light Winter Black Sweatshirts. Category: Clothing. Subcategory: Sweatshirt. Gender: Women. Color: Black.,Fashion Product Images Small,Apparel,Topwear,Sweatshirts,Exact articleType: Sweatshirts
FP011388,11388,United Colors of Benetton Men Light WinterMaroon Maroon Tshirts,,Clothing,T-Shirt,Men,Maroon,,images/FP011388.jpg,Product: United Colors of Benetton Men Light WinterMaroon Maroon Tshirts. Category: Clothing. Subcategory: T-Shirt. Gender: Men. Color: Maroon.,Fashion Product Images Small,Apparel,Topwear,Tshirts,Tshirts
FP011409,11409,United Colors of Benetton Men Light Winter Red Tshirts,,Clothing,T-Shirt,Men,Red,,images/FP011409.jpg,Product: United Colors of Benetton Men Light Winter Red Tshirts. Category: Clothing. Subcategory: T-Shirt. Gender: Men. Color: Red.,Fashion Product Images Small,Apparel,Topwear,Tshirts,Tshirts
FP011416,11416,United Colors of Benetton Men Black Sweatshirt,,Clothing,Sweatshirt,Men,Black,,images/FP011416.jpg,Product: United Colors of Benetton Men Black Sweatshirt. Category: Clothing. Subcategory: Sweatshirt. Gender: Men. Color: Black.,Fashion Product Images Small,Apparel,Topwear,Sweatshirts,Exact articleType: Sweatshirts
FP011451,11451,United Colors of Benetton Men Light Black Tshirts,,Clothing,T-Shirt,Men,Black,,images/FP011451.jpg,Product: United Colors of Benetton Men Light Black Tshirts. Category: Clothing. Subcategory: T-Shirt. Gender: Men. Color: Black.,Fashion Product Images Small,Apparel,Topwear,Tshirts,Tshirts
FP011463,11463,United Colors of Benetton Men  Winter White T-shirt,,Clothing,T-Shirt,Men,White,,images/FP011463.jpg,Product: United Colors of Benetton Men  Winter White T-shirt. Category: Clothing. Subcategory: T-Shirt. Gender: Men. Color: White.,Fashion Product Images Small,Apparel,Topwear,Tshirts,Tshirts
FP011725,11725,Lee Men Printed Orange Tshirts,,Clothing,T-Shirt,Men,Orange,,images/FP011725.jpg,Product: Lee Men Printed Orange Tshirts. Category: Clothing. Subcategory: T-Shirt. Gender: Men. Color: Orange.,Fashion Product Images Small,Apparel,Topwear,Tshirts,Tshirts
FP011776,11776,Lee Men Printed Grey Tshirts,,Clothing,T-Shirt,Men,Grey,,images/FP011776.jpg,Product: Lee Men Printed Grey Tshirts. Category: Clothing. Subcategory: T-Shirt. Gender: Men. Color: Grey.,Fashion Product Images Small,Apparel,Topwear,Tshirts,Tshirts
FP011783,11783,Lee Men Printed Grey Tshirts,,Clothing,T-Shirt,Men,Grey,,images/FP011783.jpg,Product: Lee Men Printed Grey Tshirts. Category: Clothing. Subcategory: T-Shirt. Gender: Men. Color: Grey.,Fashion Product Images Small,Apparel,Topwear,Tshirts,Tshirts
FP011815,11815,Playboy Men Casual Black Casual Shoes,,Shoes,Casual Shoes,Men,Black,,images/FP011815.jpg,Product: Playboy Men Casual Black Casual Shoes. Category: Shoes. Subcategory: Casual Shoes. Gender: Men. Color: Black.,Fashion Product Images Small,Footwear,Shoes,Casual Shoes,Exact articleType: Casual Shoes
FP011828,11828,Playboy Men Casual Red Casual Shoes,,Shoes,Casual Shoes,Men,Red,,images/FP011828.jpg,Product: Playboy Men Casual Red Casual Shoes. Category: Shoes. Subcategory: Casual Shoes. Gender: Men. Color: Red.,Fashion Product Images Small,Footwear,Shoes,Casual Shoes,Exact articleType: Casual Shoes
FP011829,11829,Playboy Men Casual White Casual Shoes,,Shoes,Casual Shoes,Men,White,,images/FP011829.jpg,Product: Playboy Men Casual White Casual Shoes. Category: Shoes. Subcategory: Casual Shoes. Gender: Men. Color: White.,Fashion Product Images Small,Footwear,Shoes,Casual Shoes,Exact articleType: Casual Shoes
FP011835,11835,Playboy Men Casual Blue Casual Shoes,,Shoes,Casual Shoes,Men,Blue,,images/FP011835.jpg,Product: Playboy Men Casual Blue Casual Shoes. Category: Shoes. Subcategory: Casual Shoes. Gender: Men. Color: Blue.,Fashion Product Images Small,Footwear,Shoes,Casual Shoes,Exact articleType: Casual Shoes
FP011843,11843,Playboy Men Casual Blue Casual Shoes,,Shoes,Casual Shoes,Men,Blue,,images/FP011843.jpg,Product: Playboy Men Casual Blue Casual Shoes. Category: Shoes. Subcategory: Casual Shoes. Gender: Men. Color: Blue.,Fashion Product Images Small,Footwear,Shoes,Casual Shoes,Exact articleType: Casual Shoes
FP011894,11894,Franco Leone Men Casual Tan Sandals,,Shoes,Sandals,Men,Tan,,images/FP011894.jpg,Product: Franco Leone Men Casual Tan Sandals. Category: Shoes. Subcategory: Sandals. Gender: Men. Color: Tan.,Fashion Product Images Small,Footwear,Sandal,Sandals,Exact articleType: Sandals
FP011938,11938,Ganuchi Men Casual Black Sandals,,Shoes,Sandals,Men,Black,,images/FP011938.jpg,Product: Ganuchi Men Casual Black Sandals. Category: Shoes. Subcategory: Sandals. Gender: Men. Color: Black.,Fashion Product Images Small,Footwear,Sandal,Sandals,Exact articleType: Sandals
FP011944,11944,Ganuchi Men Casual Blue Sandals,,Shoes,Sandals,Men,Blue,,images/FP011944.jpg,Product: Ganuchi Men Casual Blue Sandals. Category: Shoes. Subcategory: Sandals. Gender: Men. Color: Blue.,Fashion Product Images Small,Footwear,Sandal,Sandals,Exact articleType: Sandals
FP011963,11963,Ganuchi Men Brown Sandals,,Shoes,Sandals,Men,Brown,,images/FP011963.jpg,Product: Ganuchi Men Brown Sandals. Category: Shoes. Subcategory: Sandals. Gender: Men. Color: Brown.,Fashion Product Images Small,Footwear,Sandal,Sandals,Exact articleType: Sandals
FP011964,11964,Ganuchi Men Casual Black Slipper,,Shoes,Sandals,Men,Black,,images/FP011964.jpg,Product: Ganuchi Men Casual Black Slipper. Category: Shoes. Subcategory: Sandals. Gender: Men. Color: Black.,Fashion Product Images Small,Footwear,Sandal,Sandals,Exact articleType: Sandals
FP011990,11990,Classic Polo Men Stripes Red Tshirts,,Clothing,Polo,Men,Red,,images/FP011990.jpg,Product: Classic Polo Men Stripes Red Tshirts. Category: Clothing. Subcategory: Polo. Gender: Men. Color: Red.,Fashion Product Images Small,Apparel,Topwear,Tshirts,Tshirts + product name contains Polo
FP011994,11994,Classic Polo Men Stripes White Tshirts,,Clothing,Polo,Men,White,,images/FP011994.jpg,Product: Classic Polo Men Stripes White Tshirts. Category: Clothing. Subcategory: Polo. Gender: Men. Color: White.,Fashion Product Images Small,Apparel,Topwear,Tshirts,Tshirts + product name contains Polo
FP012049,12049,Spykar Men Solid Grey Sweatshirts,,Clothing,Sweatshirt,Men,Grey,,images/FP012049.jpg,Product: Spykar Men Solid Grey Sweatshirts. Category: Clothing. Subcategory: Sweatshirt. Gender: Men. Color: Grey.,Fashion Product Images Small,Apparel,Topwear,Sweatshirts,Exact articleType: Sweatshirts
FP012054,12054,Spykar Men Printed White T-Shirts,,Clothing,T-Shirt,Men,White,,images/FP012054.jpg,Product: Spykar Men Printed White T-Shirts. Category: Clothing. Subcategory: T-Shirt. Gender: Men. Color: White.,Fashion Product Images Small,Apparel,Topwear,Tshirts,Tshirts
FP012204,12204,Basics Men Green Striped T-shirt,,Clothing,T-Shirt,Men,Green,,images/FP012204.jpg,Product: Basics Men Green Striped T-shirt. Category: Clothing. Subcategory: T-Shirt. Gender: Men. Color: Green.,Fashion Product Images Small,Apparel,Topwear,Tshirts,Tshirts
FP012206,12206,Basics Men Yellow Striped T-shirt,,Clothing,T-Shirt,Men,Yellow,,images/FP012206.jpg,Product: Basics Men Yellow Striped T-shirt. Category: Clothing. Subcategory: T-Shirt. Gender: Men. Color: Yellow.,Fashion Product Images Small,Apparel,Topwear,Tshirts,Tshirts
FP012337,12337,Spykar Men Navy Blue Polo T-Shirts,,Clothing,Polo,Men,Navy Blue,,images/FP012337.jpg,Product: Spykar Men Navy Blue Polo T-Shirts. Category: Clothing. Subcategory: Polo. Gender: Men. Color: Navy Blue.,Fashion Product Images Small,Apparel,Topwear,Tshirts,Tshirts + product name contains Polo
FP012476,12476,Clarks Men Leather Black Sandals,,Shoes,Sandals,Men,Black,,images/FP012476.jpg,Product: Clarks Men Leather Black Sandals. Category: Shoes. Subcategory: Sandals. Gender: Men. Color: Black.,Fashion Product Images Small,Footwear,Sandal,Sandals,Exact articleType: Sandals
FP012484,12484,Clarks Men Olive Leather Sandals,,Shoes,Sandals,Men,Olive,,images/FP012484.jpg,Product: Clarks Men Olive Leather Sandals. Category: Shoes. Subcategory: Sandals. Gender: Men. Color: Olive.,Fashion Product Images Small,Footwear,Sandal,Sandals,Exact articleType: Sandals
FP012485,12485,Clarks Men Leather Brown Sandals,,Shoes,Sandals,Men,Brown,,images/FP012485.jpg,Product: Clarks Men Leather Brown Sandals. Category: Shoes. Subcategory: Sandals. Gender: Men. Color: Brown.,Fashion Product Images Small,Footwear,Sandal,Sandals,Exact articleType: Sandals
FP012491,12491,Inkfruit Women Crap Green Tshirts,,Clothing,T-Shirt,Women,Green,,images/FP012491.jpg,Product: Inkfruit Women Crap Green Tshirts. Category: Clothing. Subcategory: T-Shirt. Gender: Women. Color: Green.,Fashion Product Images Small,Apparel,Topwear,Tshirts,Tshirts
FP012526,12526,Crocs Women Casual Grey Casual Shoes,,Shoes,Casual Shoes,Women,Grey,,images/FP012526.jpg,Product: Crocs Women Casual Grey Casual Shoes. Category: Shoes. Subcategory: Casual Shoes. Gender: Women. Color: Grey.,Fashion Product Images Small,Footwear,Shoes,Casual Shoes,Exact articleType: Casual Shoes
FP012531,12531,Puma Women Solid Pink Sweatshirts,,Clothing,Sweatshirt,Women,Pink,,images/FP012531.jpg,Product: Puma Women Solid Pink Sweatshirts. Category: Clothing. Subcategory: Sweatshirt. Gender: Women. Color: Pink.,Fashion Product Images Small,Apparel,Topwear,Sweatshirts,Exact articleType: Sweatshirts
FP012585,12585,Tantra Unisex Printed Blue Tshirts,,Clothing,T-Shirt,Unisex,Blue,,images/FP012585.jpg,Product: Tantra Unisex Printed Blue Tshirts. Category: Clothing. Subcategory: T-Shirt. Gender: Unisex. Color: Blue.,Fashion Product Images Small,Apparel,Topwear,Tshirts,Tshirts
FP012616,12616,Ed Hardy Men Printed Peach Tshirts,,Clothing,T-Shirt,Men,Peach,,images/FP012616.jpg,Product: Ed Hardy Men Printed Peach Tshirts. Category: Clothing. Subcategory: T-Shirt. Gender: Men. Color: Peach.,Fashion Product Images Small,Apparel,Topwear,Tshirts,Tshirts
FP012631,12631,Probase Men Printed Red Tshirts,,Clothing,T-Shirt,Men,Red,,images/FP012631.jpg,Product: Probase Men Printed Red Tshirts. Category: Clothing. Subcategory: T-Shirt. Gender: Men. Color: Red.,Fashion Product Images Small,Apparel,Topwear,Tshirts,Tshirts
FP012644,12644,Probase Men Solid White Polo T-shirts,,Clothing,Polo,Men,White,,images/FP012644.jpg,Product: Probase Men Solid White Polo T-shirts. Category: Clothing. Subcategory: Polo. Gender: Men. Color: White.,Fashion Product Images Small,Apparel,Topwear,Tshirts,Tshirts + product name contains Polo
FP012716,12716,Nike Men Air Visi Pro Grey Sports Shoes,,Shoes,Sports Shoes,Men,Grey,,images/FP012716.jpg,Product: Nike Men Air Visi Pro Grey Sports Shoes. Category: Shoes. Subcategory: Sports Shoes. Gender: Men. Color: Grey.,Fashion Product Images Small,Footwear,Shoes,Sports Shoes,Exact articleType: Sports Shoes
FP012727,12727,Timberland Men Solid Green Polo T-Shirts,,Clothing,Polo,Men,Green,,images/FP012727.jpg,Product: Timberland Men Solid Green Polo T-Shirts. Category: Clothing. Subcategory: Polo. Gender: Men. Color: Green.,Fashion Product Images Small,Apparel,Topwear,Tshirts,Tshirts + product name contains Polo
FP012730,12730,Timberland Men Solid Blue Sweatshirts,,Clothing,Sweatshirt,Men,Blue,,images/FP012730.jpg,Product: Timberland Men Solid Blue Sweatshirts. Category: Clothing. Subcategory: Sweatshirt. Gender: Men. Color: Blue.,Fashion Product Images Small,Apparel,Topwear,Sweatshirts,Exact articleType: Sweatshirts
FP012755,12755,Spykar Men Navy Striped Polo T-Shirt,,Clothing,Polo,Men,Navy Blue,,images/FP012755.jpg,Product: Spykar Men Navy Striped Polo T-Shirt. Category: Clothing. Subcategory: Polo. Gender: Men. Color: Navy Blue.,Fashion Product Images Small,Apparel,Topwear,Tshirts,Tshirts + product name contains Polo
FP012792,12792,Nike Men Manchester United Black Jersey,,Clothing,T-Shirt,Men,Black,,images/FP012792.jpg,Product: Nike Men Manchester United Black Jersey. Category: Clothing. Subcategory: T-Shirt. Gender: Men. Color: Black.,Fashion Product Images Small,Apparel,Topwear,Tshirts,Tshirts
FP012803,12803,Nike Women Polka Dot Grafitti Pink T-shirt,,Clothing,T-Shirt,Women,Pink,,images/FP012803.jpg,Product: Nike Women Polka Dot Grafitti Pink T-shirt. Category: Clothing. Subcategory: T-Shirt. Gender: Women. Color: Pink.,Fashion Product Images Small,Apparel,Topwear,Tshirts,Tshirts
FP012807,12807,Nike Women Hood Pink Jackets,,Clothing,Jacket,Women,Pink,,images/FP012807.jpg,Product: Nike Women Hood Pink Jackets. Category: Clothing. Subcategory: Jacket. Gender: Women. Color: Pink.,Fashion Product Images Small,Apparel,Topwear,Jackets,Exact articleType: Jackets
FP012808,12808,Nike Men Zip Pocket Blue Jackets,,Clothing,Jacket,Men,Blue,,images/FP012808.jpg,Product: Nike Men Zip Pocket Blue Jackets. Category: Clothing. Subcategory: Jacket. Gender: Men. Color: Blue.,Fashion Product Images Small,Apparel,Topwear,Jackets,Exact articleType: Jackets
FP012836,12836,Ant Kids Tennis Green T-Shirt,,Clothing,T-Shirt,Men,Green,,images/FP012836.jpg,Product: Ant Kids Tennis Green T-Shirt. Category: Clothing. Subcategory: T-Shirt. Gender: Men. Color: Green.,Fashion Product Images Small,Apparel,Topwear,Tshirts,Tshirts
FP012841,12841,Ant Kids Multi Colour Grey Tshirts,,Clothing,T-Shirt,Men,Grey,,images/FP012841.jpg,Product: Ant Kids Multi Colour Grey Tshirts. Category: Clothing. Subcategory: T-Shirt. Gender: Men. Color: Grey.,Fashion Product Images Small,Apparel,Topwear,Tshirts,Tshirts
FP012890,12890,Puma Men Cell Tolero Black Casual Shoes,,Shoes,Casual Shoes,Men,Black,,images/FP012890.jpg,Product: Puma Men Cell Tolero Black Casual Shoes. Category: Shoes. Subcategory: Casual Shoes. Gender: Men. Color: Black.,Fashion Product Images Small,Footwear,Shoes,Casual Shoes,Exact articleType: Casual Shoes
FP012897,12897,Puma Men Game Point White Casual Shoes,,Shoes,Casual Shoes,Men,White,,images/FP012897.jpg,Product: Puma Men Game Point White Casual Shoes. Category: Shoes. Subcategory: Casual Shoes. Gender: Men. Color: White.,Fashion Product Images Small,Footwear,Shoes,Casual Shoes,Exact articleType: Casual Shoes
FP012947,12947,Basics Men Blue Striped T-shirt,,Clothing,T-Shirt,Men,Blue,,images/FP012947.jpg,Product: Basics Men Blue Striped T-shirt. Category: Clothing. Subcategory: T-Shirt. Gender: Men. Color: Blue.,Fashion Product Images Small,Apparel,Topwear,Tshirts,Tshirts
FP012958,12958,ADIDAS Men Sports Black Sports Shoes,,Shoes,Sports Shoes,Men,Black,,images/FP012958.jpg,Product: ADIDAS Men Sports Black Sports Shoes. Category: Shoes. Subcategory: Sports Shoes. Gender: Men. Color: Black.,Fashion Product Images Small,Footwear,Shoes,Sports Shoes,Exact articleType: Sports Shoes
FP012968,12968,ADIDAS Men Allegra White Sports Shoes,,Shoes,Sports Shoes,Men,White,,images/FP012968.jpg,Product: ADIDAS Men Allegra White Sports Shoes. Category: Shoes. Subcategory: Sports Shoes. Gender: Men. Color: White.,Fashion Product Images Small,Footwear,Shoes,Sports Shoes,Exact articleType: Sports Shoes
FP012971,12971,ADIDAS Women Core 50 Black Sports Shoes,,Shoes,Sports Shoes,Women,Black,,images/FP012971.jpg,Product: ADIDAS Women Core 50 Black Sports Shoes. Category: Shoes. Subcategory: Sports Shoes. Gender: Women. Color: Black.,Fashion Product Images Small,Footwear,Shoes,Sports Shoes,Exact articleType: Sports Shoes
FP013073,13073,Numero Uno Men White Shoes,,Shoes,Casual Shoes,Men,White,,images/FP013073.jpg,Product: Numero Uno Men White Shoes. Category: Shoes. Subcategory: Casual Shoes. Gender: Men. Color: White.,Fashion Product Images Small,Footwear,Shoes,Casual Shoes,Exact articleType: Casual Shoes
FP013076,13076,Numero Uno Men Black Casual Shoes,,Shoes,Casual Shoes,Men,Black,,images/FP013076.jpg,Product: Numero Uno Men Black Casual Shoes. Category: Shoes. Subcategory: Casual Shoes. Gender: Men. Color: Black.,Fashion Product Images Small,Footwear,Shoes,Casual Shoes,Exact articleType: Casual Shoes
FP013091,13091,ADIDAS Men Cr_Ess 3sfzhood Grey Sweatshirts,,Clothing,Sweatshirt,Men,Grey,,images/FP013091.jpg,Product: ADIDAS Men Cr_Ess 3sfzhood Grey Sweatshirts. Category: Clothing. Subcategory: Sweatshirt. Gender: Men. Color: Grey.,Fashion Product Images Small,Apparel,Topwear,Sweatshirts,Exact articleType: Sweatshirts
FP013103,13103,ADIDAS Men Sf Striped Hood Black Sweatshirts,,Clothing,Sweatshirt,Men,Black,,images/FP013103.jpg,Product: ADIDAS Men Sf Striped Hood Black Sweatshirts. Category: Clothing. Subcategory: Sweatshirt. Gender: Men. Color: Black.,Fashion Product Images Small,Apparel,Topwear,Sweatshirts,Exact articleType: Sweatshirts
FP013104,13104,ADIDAS Men Bnce T-Top Black Jackets,,Clothing,Jacket,Men,Black,,images/FP013104.jpg,Product: ADIDAS Men Bnce T-Top Black Jackets. Category: Clothing. Subcategory: Jacket. Gender: Men. Color: Black.,Fashion Product Images Small,Apparel,Topwear,Jackets,Exact articleType: Jackets
FP013105,13105,ADIDAS Men Ess 3s Rainjkt Black Jackets,,Clothing,Jacket,Men,Black,,images/FP013105.jpg,Product: ADIDAS Men Ess 3s Rainjkt Black Jackets. Category: Clothing. Subcategory: Jacket. Gender: Men. Color: Black.,Fashion Product Images Small,Apparel,Topwear,Jackets,Exact articleType: Jackets
FP013115,13115,Numero Uno Men Casual Black Casual Shoes,,Shoes,Casual Shoes,Men,Black,,images/FP013115.jpg,Product: Numero Uno Men Casual Black Casual Shoes. Category: Shoes. Subcategory: Casual Shoes. Gender: Men. Color: Black.,Fashion Product Images Small,Footwear,Shoes,Casual Shoes,Exact articleType: Casual Shoes
FP013120,13120,ADIDAS Men Ess 3s Rainjkt Navy Blue Jackets,,Clothing,Jacket,Men,Navy Blue,,images/FP013120.jpg,Product: ADIDAS Men Ess 3s Rainjkt Navy Blue Jackets. Category: Clothing. Subcategory: Jacket. Gender: Men. Color: Navy Blue.,Fashion Product Images Small,Apparel,Topwear,Jackets,Exact articleType: Jackets
FP013128,13128,Lee Cooper Men Brown Sandals,,Shoes,Sandals,Men,Brown,,images/FP013128.jpg,Product: Lee Cooper Men Brown Sandals. Category: Shoes. Subcategory: Sandals. Gender: Men. Color: Brown.,Fashion Product Images Small,Footwear,Sandal,Sandals,Exact articleType: Sandals
FP013130,13130,Provogue Men Brown Casual Shoes,,Shoes,Casual Shoes,Men,Brown,,images/FP013130.jpg,Product: Provogue Men Brown Casual Shoes. Category: Shoes. Subcategory: Casual Shoes. Gender: Men. Color: Brown.,Fashion Product Images Small,Footwear,Shoes,Casual Shoes,Exact articleType: Casual Shoes
FP013171,13171,Skechers Women Bravos Navy Blue Sports Shoes,,Shoes,Sports Shoes,Women,Navy Blue,,images/FP013171.jpg,Product: Skechers Women Bravos Navy Blue Sports Shoes. Category: Shoes. Subcategory: Sports Shoes. Gender: Women. Color: Navy Blue.,Fashion Product Images Small,Footwear,Shoes,Sports Shoes,Exact articleType: Sports Shoes
FP013187,13187,Fila Men White Stradd Shoes,,Shoes,Casual Shoes,Men,White,,images/FP013187.jpg,Product: Fila Men White Stradd Shoes. Category: Shoes. Subcategory: Casual Shoes. Gender: Men. Color: White.,Fashion Product Images Small,Footwear,Shoes,Casual Shoes,Exact articleType: Casual Shoes
FP013190,13190,Fila Men Dls Game White Sports Shoes,,Shoes,Sports Shoes,Men,White,,images/FP013190.jpg,Product: Fila Men Dls Game White Sports Shoes. Category: Shoes. Subcategory: Sports Shoes. Gender: Men. Color: White.,Fashion Product Images Small,Footwear,Shoes,Sports Shoes,Exact articleType: Sports Shoes
FP013196,13196,Puma Men Basket Clean Black Casual Shoes,,Shoes,Casual Shoes,Men,Black,,images/FP013196.jpg,Product: Puma Men Basket Clean Black Casual Shoes. Category: Shoes. Subcategory: Casual Shoes. Gender: Men. Color: Black.,Fashion Product Images Small,Footwear,Shoes,Casual Shoes,Exact articleType: Casual Shoes
FP013208,13208,ASICS Men Gel Enduro 7 Running Black Sports Shoes,,Shoes,Sports Shoes,Men,Black,,images/FP013208.jpg,Product: ASICS Men Gel Enduro 7 Running Black Sports Shoes. Category: Shoes. Subcategory: Sports Shoes. Gender: Men. Color: Black.,Fashion Product Images Small,Footwear,Shoes,Sports Shoes,Exact articleType: Sports Shoes
FP013209,13209,ASICS Men Gel Challenger 8 Running Black Sports Shoes,,Shoes,Sports Shoes,Men,Blue,,images/FP013209.jpg,Product: ASICS Men Gel Challenger 8 Running Black Sports Shoes. Category: Shoes. Subcategory: Sports Shoes. Gender: Men. Color: Blue.,Fashion Product Images Small,Footwear,Shoes,Sports Shoes,Exact articleType: Sports Shoes
FP013240,13240,Palm Tree Kids Boys Solid White Jackets,,Clothing,Jacket,Men,White,,images/FP013240.jpg,Product: Palm Tree Kids Boys Solid White Jackets. Category: Clothing. Subcategory: Jacket. Gender: Men. Color: White.,Fashion Product Images Small,Apparel,Topwear,Jackets,Exact articleType: Jackets
FP013289,13289,Gini and Jony Kids Boys Printed Black Sweatshirts,,Clothing,Sweatshirt,Men,Black,,images/FP013289.jpg,Product: Gini and Jony Kids Boys Printed Black Sweatshirts. Category: Clothing. Subcategory: Sweatshirt. Gender: Men. Color: Black.,Fashion Product Images Small,Apparel,Topwear,Sweatshirts,Exact articleType: Sweatshirts
FP013291,13291,Gini and Jony Kids Boys Printed Green Tshirts,,Clothing,T-Shirt,Men,Green,,images/FP013291.jpg,Product: Gini and Jony Kids Boys Printed Green Tshirts. Category: Clothing. Subcategory: T-Shirt. Gender: Men. Color: Green.,Fashion Product Images Small,Apparel,Topwear,Tshirts,Tshirts
FP013337,13337,Gini and Jony Kids Boys Stripes Green Tshirts,,Clothing,T-Shirt,Men,Green,,images/FP013337.jpg,Product: Gini and Jony Kids Boys Stripes Green Tshirts. Category: Clothing. Subcategory: T-Shirt. Gender: Men. Color: Green.,Fashion Product Images Small,Apparel,Topwear,Tshirts,Tshirts
FP013356,13356,Timberland Women Femmes Silver Casual Shoes,,Shoes,Casual Shoes,Women,Silver,,images/FP013356.jpg,Product: Timberland Women Femmes Silver Casual Shoes. Category: Shoes. Subcategory: Casual Shoes. Gender: Women. Color: Silver.,Fashion Product Images Small,Footwear,Shoes,Casual Shoes,Exact articleType: Casual Shoes
FP013375,13375,Timberland Men Jeunes Blue Sandals,,Shoes,Sandals,Men,Blue,,images/FP013375.jpg,Product: Timberland Men Jeunes Blue Sandals. Category: Shoes. Subcategory: Sandals. Gender: Men. Color: Blue.,Fashion Product Images Small,Footwear,Sandal,Sandals,Exact articleType: Sandals
FP013424,13424,United Colors of Benetton Women Black Polo T-shirts,,Clothing,Polo,Women,Black,,images/FP013424.jpg,Product: United Colors of Benetton Women Black Polo T-shirts. Category: Clothing. Subcategory: Polo. Gender: Women. Color: Black.,Fashion Product Images Small,Apparel,Topwear,Tshirts,Tshirts + product name contains Polo
FP013503,13503,Chimp Men AAA-CHHE Green T-shirts,,Clothing,T-Shirt,Men,Green,,images/FP013503.jpg,Product: Chimp Men AAA-CHHE Green T-shirts. Category: Clothing. Subcategory: T-Shirt. Gender: Men. Color: Green.,Fashion Product Images Small,Apparel,Topwear,Tshirts,Tshirts
FP013519,13519,Spykar Men Stripes White Sweatshirts,,Clothing,Sweatshirt,Men,White,,images/FP013519.jpg,Product: Spykar Men Stripes White Sweatshirts. Category: Clothing. Subcategory: Sweatshirt. Gender: Men. Color: White.,Fashion Product Images Small,Apparel,Topwear,Sweatshirts,Exact articleType: Sweatshirts
FP013681,13681,ADIDAS Women Furano 3 Sports Shoes,,Shoes,Sports Shoes,Women,Silver,,images/FP013681.jpg,Product: ADIDAS Women Furano 3 Sports Shoes. Category: Shoes. Subcategory: Sports Shoes. Gender: Women. Color: Silver.,Fashion Product Images Small,Footwear,Shoes,Sports Shoes,Exact articleType: Sports Shoes
FP013770,13770,Belmonte Men Printed Grey Tshirts,,Clothing,T-Shirt,Men,Grey,,images/FP013770.jpg,Product: Belmonte Men Printed Grey Tshirts. Category: Clothing. Subcategory: T-Shirt. Gender: Men. Color: Grey.,Fashion Product Images Small,Apparel,Topwear,Tshirts,Tshirts
FP013793,13793,Proline Mens Solid Blue Polo Tshirt,,Clothing,Polo,Men,Blue,,images/FP013793.jpg,Product: Proline Mens Solid Blue Polo Tshirt. Category: Clothing. Subcategory: Polo. Gender: Men. Color: Blue.,Fashion Product Images Small,Apparel,Topwear,Tshirts,Tshirts + product name contains Polo
FP013904,13904,Nike Men Straprunner Grey Sandals,,Shoes,Sandals,Men,Grey,,images/FP013904.jpg,Product: Nike Men Straprunner Grey Sandals. Category: Shoes. Subcategory: Sandals. Gender: Men. Color: Grey.,Fashion Product Images Small,Footwear,Sandal,Sandals,Exact articleType: Sandals
FP013951,13951,United Colors of Benetton Men Printed Purple Tshirts,,Clothing,T-Shirt,Men,Purple,,images/FP013951.jpg,Product: United Colors of Benetton Men Printed Purple Tshirts. Category: Clothing. Subcategory: T-Shirt. Gender: Men. Color: Purple.,Fashion Product Images Small,Apparel,Topwear,Tshirts,Tshirts
FP013971,13971,Puma Women Speeder Wn's Black Sports Shoes,,Shoes,Sports Shoes,Women,Black,,images/FP013971.jpg,Product: Puma Women Speeder Wn's Black Sports Shoes. Category: Shoes. Subcategory: Sports Shoes. Gender: Women. Color: Black.,Fashion Product Images Small,Footwear,Shoes,Sports Shoes,Exact articleType: Sports Shoes
FP013999,13999,Nike Men Solid Black Jackets,,Clothing,Sweatshirt,Men,Black,,images/FP013999.jpg,Product: Nike Men Solid Black Jackets. Category: Clothing. Subcategory: Sweatshirt. Gender: Men. Color: Black.,Fashion Product Images Small,Apparel,Topwear,Sweatshirts,Exact articleType: Sweatshirts
FP014007,14007,Nike Men Printed White Tshirts,,Clothing,T-Shirt,Men,White,,images/FP014007.jpg,Product: Nike Men Printed White Tshirts. Category: Clothing. Subcategory: T-Shirt. Gender: Men. Color: White.,Fashion Product Images Small,Apparel,Topwear,Tshirts,Tshirts
FP014065,14065,Flying Machine Men Stripes White Polo Tshirts,,Clothing,Polo,Men,White,,images/FP014065.jpg,Product: Flying Machine Men Stripes White Polo Tshirts. Category: Clothing. Subcategory: Polo. Gender: Men. Color: White.,Fashion Product Images Small,Apparel,Topwear,Tshirts,Tshirts + product name contains Polo
FP014066,14066,Flying Machine Men Pack Of 2 Stripes Green Tshirts,,Clothing,T-Shirt,Men,Green,,images/FP014066.jpg,Product: Flying Machine Men Pack Of 2 Stripes Green Tshirts. Category: Clothing. Subcategory: T-Shirt. Gender: Men. Color: Green.,Fashion Product Images Small,Apparel,Topwear,Tshirts,Tshirts
FP014103,14103,Flying Machine Women Solid Cream Tops,,Clothing,T-Shirt,Women,Cream,,images/FP014103.jpg,Product: Flying Machine Women Solid Cream Tops. Category: Clothing. Subcategory: T-Shirt. Gender: Women. Color: Cream.,Fashion Product Images Small,Apparel,Topwear,Tshirts,Tshirts
FP014109,14109,Flying Machine Men Printed Green Sweatshirts,,Clothing,Sweatshirt,Men,Green,,images/FP014109.jpg,Product: Flying Machine Men Printed Green Sweatshirts. Category: Clothing. Subcategory: Sweatshirt. Gender: Men. Color: Green.,Fashion Product Images Small,Apparel,Topwear,Sweatshirts,Exact articleType: Sweatshirts
FP014112,14112,Flying Machine Men Printed Green Sweatshirts,,Clothing,Sweatshirt,Men,Green,,images/FP014112.jpg,Product: Flying Machine Men Printed Green Sweatshirts. Category: Clothing. Subcategory: Sweatshirt. Gender: Men. Color: Green.,Fashion Product Images Small,Apparel,Topwear,Sweatshirts,Exact articleType: Sweatshirts
FP014113,14113,Flying Machine Men Printed Olive Sweatshirts,,Clothing,Sweatshirt,Men,Olive,,images/FP014113.jpg,Product: Flying Machine Men Printed Olive Sweatshirts. Category: Clothing. Subcategory: Sweatshirt. Gender: Men. Color: Olive.,Fashion Product Images Small,Apparel,Topwear,Sweatshirts,Exact articleType: Sweatshirts
FP014288,14288,Classic Polo Men Stripes Maroon Tshirts,,Clothing,Polo,Men,Maroon,,images/FP014288.jpg,Product: Classic Polo Men Stripes Maroon Tshirts. Category: Clothing. Subcategory: Polo. Gender: Men. Color: Maroon.,Fashion Product Images Small,Apparel,Topwear,Tshirts,Tshirts + product name contains Polo
FP014299,14299,Classic Polo Men Printed pack of 3 Tshirts,,Clothing,Polo,Men,Grey,,images/FP014299.jpg,Product: Classic Polo Men Printed pack of 3 Tshirts. Category: Clothing. Subcategory: Polo. Gender: Men. Color: Grey.,Fashion Product Images Small,Apparel,Topwear,Tshirts,Tshirts + product name contains Polo
FP014300,14300,Classic Polo Men Printed pack of 3 Tshirts,,Clothing,Polo,Men,Blue,,images/FP014300.jpg,Product: Classic Polo Men Printed pack of 3 Tshirts. Category: Clothing. Subcategory: Polo. Gender: Men. Color: Blue.,Fashion Product Images Small,Apparel,Topwear,Tshirts,Tshirts + product name contains Polo
FP014307,14307,ADIDAS Men Printed White Sweatshirts,,Clothing,Sweatshirt,Men,White,,images/FP014307.jpg,Product: ADIDAS Men Printed White Sweatshirts. Category: Clothing. Subcategory: Sweatshirt. Gender: Men. Color: White.,Fashion Product Images Small,Apparel,Topwear,Sweatshirts,Exact articleType: Sweatshirts
FP014312,14312,ADIDAS Men Solid Green Jerseys,,Clothing,T-Shirt,Men,Green,,images/FP014312.jpg,Product: ADIDAS Men Solid Green Jerseys. Category: Clothing. Subcategory: T-Shirt. Gender: Men. Color: Green.,Fashion Product Images Small,Apparel,Topwear,Tshirts,Tshirts
FP014313,14313,ADIDAS Men Solid Blue Jerseys,,Clothing,T-Shirt,Men,Blue,,images/FP014313.jpg,Product: ADIDAS Men Solid Blue Jerseys. Category: Clothing. Subcategory: T-Shirt. Gender: Men. Color: Blue.,Fashion Product Images Small,Apparel,Topwear,Tshirts,Tshirts
FP014316,14316,ADIDAS Men Solid Navy Blue Sweatshirts,,Clothing,Sweatshirt,Men,Navy Blue,,images/FP014316.jpg,Product: ADIDAS Men Solid Navy Blue Sweatshirts. Category: Clothing. Subcategory: Sweatshirt. Gender: Men. Color: Navy Blue.,Fashion Product Images Small,Apparel,Topwear,Sweatshirts,Exact articleType: Sweatshirts
FP014488,14488,Flying Machine Men Casual Black Casual Shoes,,Shoes,Casual Shoes,Men,Black,,images/FP014488.jpg,Product: Flying Machine Men Casual Black Casual Shoes. Category: Shoes. Subcategory: Casual Shoes. Gender: Men. Color: Black.,Fashion Product Images Small,Footwear,Shoes,Casual Shoes,Exact articleType: Casual Shoes
FP014494,14494,Flying Machine Men Casual Black Casual Shoes,,Shoes,Casual Shoes,Men,Black,,images/FP014494.jpg,Product: Flying Machine Men Casual Black Casual Shoes. Category: Shoes. Subcategory: Casual Shoes. Gender: Men. Color: Black.,Fashion Product Images Small,Footwear,Shoes,Casual Shoes,Exact articleType: Casual Shoes
FP014497,14497,Flying Machine Men Casual Green Casual Shoes,,Shoes,Casual Shoes,Men,Green,,images/FP014497.jpg,Product: Flying Machine Men Casual Green Casual Shoes. Category: Shoes. Subcategory: Casual Shoes. Gender: Men. Color: Green.,Fashion Product Images Small,Footwear,Shoes,Casual Shoes,Exact articleType: Casual Shoes
FP014564,14564,Vans Unisex Authentic Red Casual Shoes,,Shoes,Casual Shoes,Unisex,Red,,images/FP014564.jpg,Product: Vans Unisex Authentic Red Casual Shoes. Category: Shoes. Subcategory: Casual Shoes. Gender: Unisex. Color: Red.,Fashion Product Images Small,Footwear,Shoes,Casual Shoes,Exact articleType: Casual Shoes
FP014647,14647,Probase Men White Grafitti Orange Tshirts,,Clothing,T-Shirt,Men,Orange,,images/FP014647.jpg,Product: Probase Men White Grafitti Orange Tshirts. Category: Clothing. Subcategory: T-Shirt. Gender: Men. Color: Orange.,Fashion Product Images Small,Apparel,Topwear,Tshirts,Tshirts
FP014702,14702,Basics Men Black Jackets,,Clothing,Jacket,Men,Black,,images/FP014702.jpg,Product: Basics Men Black Jackets. Category: Clothing. Subcategory: Jacket. Gender: Men. Color: Black.,Fashion Product Images Small,Apparel,Topwear,Jackets,Exact articleType: Jackets
FP014727,14727,Ed Hardy Men Tiger Print Blue Tshirts,,Clothing,T-Shirt,Men,Blue,,images/FP014727.jpg,Product: Ed Hardy Men Tiger Print Blue Tshirts. Category: Clothing. Subcategory: T-Shirt. Gender: Men. Color: Blue.,Fashion Product Images Small,Apparel,Topwear,Tshirts,Tshirts
FP014912,14912,Mr. Men Men Mr. Lazy DK.Pink Tshirts,,Clothing,T-Shirt,Men,Pink,,images/FP014912.jpg,Product: Mr. Men Men Mr. Lazy DK.Pink Tshirts. Category: Clothing. Subcategory: T-Shirt. Gender: Men. Color: Pink.,Fashion Product Images Small,Apparel,Topwear,Tshirts,Tshirts
FP014922,14922,Mr. Men Men Sleep Placid Blue Tshirts,,Clothing,T-Shirt,Men,Blue,,images/FP014922.jpg,Product: Mr. Men Men Sleep Placid Blue Tshirts. Category: Clothing. Subcategory: T-Shirt. Gender: Men. Color: Blue.,Fashion Product Images Small,Apparel,Topwear,Tshirts,Tshirts
FP014950,14950,Status Quo Men Stripes Purple Tshirts,,Clothing,T-Shirt,Men,Purple,,images/FP014950.jpg,Product: Status Quo Men Stripes Purple Tshirts. Category: Clothing. Subcategory: T-Shirt. Gender: Men. Color: Purple.,Fashion Product Images Small,Apparel,Topwear,Tshirts,Tshirts
FP014985,14985,ADIDAS Men Printed Blue Sweatshirts,,Clothing,Sweatshirt,Men,Blue,,images/FP014985.jpg,Product: ADIDAS Men Printed Blue Sweatshirts. Category: Clothing. Subcategory: Sweatshirt. Gender: Men. Color: Blue.,Fashion Product Images Small,Apparel,Topwear,Sweatshirts,Exact articleType: Sweatshirts
FP015004,15004,ADIDAS Men Solid Grey Jackets,,Clothing,Jacket,Men,Grey,,images/FP015004.jpg,Product: ADIDAS Men Solid Grey Jackets. Category: Clothing. Subcategory: Jacket. Gender: Men. Color: Grey.,Fashion Product Images Small,Apparel,Topwear,Jackets,Exact articleType: Jackets
FP015009,15009,ADIDAS Men Blue Jacket,,Clothing,Jacket,Men,Blue,,images/FP015009.jpg,Product: ADIDAS Men Blue Jacket. Category: Clothing. Subcategory: Jacket. Gender: Men. Color: Blue.,Fashion Product Images Small,Apparel,Topwear,Jackets,Exact articleType: Jackets
FP015017,15017,ADIDAS Men Solid Green Sweatshirts,,Clothing,Sweatshirt,Men,Green,,images/FP015017.jpg,Product: ADIDAS Men Solid Green Sweatshirts. Category: Clothing. Subcategory: Sweatshirt. Gender: Men. Color: Green.,Fashion Product Images Small,Apparel,Topwear,Sweatshirts,Exact articleType: Sweatshirts
FP015018,15018,ADIDAS Men Printed Grey Sweatshirts,,Clothing,Sweatshirt,Men,Grey,,images/FP015018.jpg,Product: ADIDAS Men Printed Grey Sweatshirts. Category: Clothing. Subcategory: Sweatshirt. Gender: Men. Color: Grey.,Fashion Product Images Small,Apparel,Topwear,Sweatshirts,Exact articleType: Sweatshirts
FP015020,15020,ADIDAS Men Solid Maroon Jackets,,Clothing,Jacket,Men,Maroon,,images/FP015020.jpg,Product: ADIDAS Men Solid Maroon Jackets. Category: Clothing. Subcategory: Jacket. Gender: Men. Color: Maroon.,Fashion Product Images Small,Apparel,Topwear,Jackets,Exact articleType: Jackets
FP015021,15021,ADIDAS Men Solid Black Jackets,,Clothing,Jacket,Men,Black,,images/FP015021.jpg,Product: ADIDAS Men Solid Black Jackets. Category: Clothing. Subcategory: Jacket. Gender: Men. Color: Black.,Fashion Product Images Small,Apparel,Topwear,Jackets,Exact articleType: Jackets
FP015068,15068,Ganuchi Men Black Sandal,,Shoes,Sandals,Men,Black,,images/FP015068.jpg,Product: Ganuchi Men Black Sandal. Category: Shoes. Subcategory: Sandals. Gender: Men. Color: Black.,Fashion Product Images Small,Footwear,Sandal,Sandals,Exact articleType: Sandals
FP015069,15069,Ganuchi Men Brown Sandal,,Shoes,Sandals,Men,Brown,,images/FP015069.jpg,Product: Ganuchi Men Brown Sandal. Category: Shoes. Subcategory: Sandals. Gender: Men. Color: Brown.,Fashion Product Images Small,Footwear,Sandal,Sandals,Exact articleType: Sandals
FP015187,15187,Arrow Sport Men Solid White Polo Tshirts,,Clothing,Polo,Men,White,,images/FP015187.jpg,Product: Arrow Sport Men Solid White Polo Tshirts. Category: Clothing. Subcategory: Polo. Gender: Men. Color: White.,Fashion Product Images Small,Apparel,Topwear,Tshirts,Tshirts + product name contains Polo
FP015193,15193,Arrow Sport Men Stripes Navy Blue Polo Tshirts,,Clothing,Polo,Men,Navy Blue,,images/FP015193.jpg,Product: Arrow Sport Men Stripes Navy Blue Polo Tshirts. Category: Clothing. Subcategory: Polo. Gender: Men. Color: Navy Blue.,Fashion Product Images Small,Apparel,Topwear,Tshirts,Tshirts + product name contains Polo
FP015202,15202,Arrow Sport Men Solid Blue Polo Tshirts,,Clothing,Polo,Men,Blue,,images/FP015202.jpg,Product: Arrow Sport Men Solid Blue Polo Tshirts. Category: Clothing. Subcategory: Polo. Gender: Men. Color: Blue.,Fashion Product Images Small,Apparel,Topwear,Tshirts,Tshirts + product name contains Polo
FP015210,15210,Arrow Sport Men Solid Green Polo Tshirts,,Clothing,Polo,Men,Green,,images/FP015210.jpg,Product: Arrow Sport Men Solid Green Polo Tshirts. Category: Clothing. Subcategory: Polo. Gender: Men. Color: Green.,Fashion Product Images Small,Apparel,Topwear,Tshirts,Tshirts + product name contains Polo
FP015231,15231,ADIDAS Originals Men Veska PK Mid White Casual Shoes,,Shoes,Casual Shoes,Men,White,,images/FP015231.jpg,Product: ADIDAS Originals Men Veska PK Mid White Casual Shoes. Category: Shoes. Subcategory: Casual Shoes. Gender: Men. Color: White.,Fashion Product Images Small,Footwear,Shoes,Casual Shoes,Exact articleType: Casual Shoes
FP015244,15244,ADIDAS Originals Men Valley-Fdt Red Casual Shoes,,Shoes,Casual Shoes,Men,Red,,images/FP015244.jpg,Product: ADIDAS Originals Men Valley-Fdt Red Casual Shoes. Category: Shoes. Subcategory: Casual Shoes. Gender: Men. Color: Red.,Fashion Product Images Small,Footwear,Shoes,Casual Shoes,Exact articleType: Casual Shoes
FP015256,15256,ADIDAS Originals Women Midiru Lite Black Casual Shoes,,Shoes,Casual Shoes,Women,Black,,images/FP015256.jpg,Product: ADIDAS Originals Women Midiru Lite Black Casual Shoes. Category: Shoes. Subcategory: Casual Shoes. Gender: Women. Color: Black.,Fashion Product Images Small,Footwear,Shoes,Casual Shoes,Exact articleType: Casual Shoes
FP015261,15261,ADIDAS Originals Women Superstar 2 White Casual Shoes,,Shoes,Casual Shoes,Women,White,,images/FP015261.jpg,Product: ADIDAS Originals Women Superstar 2 White Casual Shoes. Category: Shoes. Subcategory: Casual Shoes. Gender: Women. Color: White.,Fashion Product Images Small,Footwear,Shoes,Casual Shoes,Exact articleType: Casual Shoes
FP015264,15264,ADIDAS Originals Women Ulama Black Casual Shoes,,Shoes,Casual Shoes,Women,Black,,images/FP015264.jpg,Product: ADIDAS Originals Women Ulama Black Casual Shoes. Category: Shoes. Subcategory: Casual Shoes. Gender: Women. Color: Black.,Fashion Product Images Small,Footwear,Shoes,Casual Shoes,Exact articleType: Casual Shoes
FP015265,15265,ADIDAS Originals Women Ulama White Casual Shoes,,Shoes,Casual Shoes,Women,White,,images/FP015265.jpg,Product: ADIDAS Originals Women Ulama White Casual Shoes. Category: Shoes. Subcategory: Casual Shoes. Gender: Women. Color: White.,Fashion Product Images Small,Footwear,Shoes,Casual Shoes,Exact articleType: Casual Shoes
FP015303,15303,ADIDAS Women Hispana Beige Sandals,,Shoes,Sandals,Women,Beige,,images/FP015303.jpg,Product: ADIDAS Women Hispana Beige Sandals. Category: Shoes. Subcategory: Sandals. Gender: Women. Color: Beige.,Fashion Product Images Small,Footwear,Sandal,Sports Sandals,Exact articleType: Sports Sandals
FP015323,15323,Nike Men Solid Grey Jacket,,Clothing,Jacket,Men,Grey,,images/FP015323.jpg,Product: Nike Men Solid Grey Jacket. Category: Clothing. Subcategory: Jacket. Gender: Men. Color: Grey.,Fashion Product Images Small,Apparel,Topwear,Jackets,Exact articleType: Jackets
FP015324,15324,Nike Men Printed White Sweatshirts,,Clothing,Sweatshirt,Men,White,,images/FP015324.jpg,Product: Nike Men Printed White Sweatshirts. Category: Clothing. Subcategory: Sweatshirt. Gender: Men. Color: White.,Fashion Product Images Small,Apparel,Topwear,Sweatshirts,Exact articleType: Sweatshirts
FP015355,15355,Red Tape Men Navy Blue Shoes,,Shoes,Casual Shoes,Men,Navy Blue,,images/FP015355.jpg,Product: Red Tape Men Navy Blue Shoes. Category: Shoes. Subcategory: Casual Shoes. Gender: Men. Color: Navy Blue.,Fashion Product Images Small,Footwear,Shoes,Casual Shoes,Exact articleType: Casual Shoes
FP015364,15364,Red Tape Men Casual Brown Sandals,,Shoes,Sandals,Men,Brown,,images/FP015364.jpg,Product: Red Tape Men Casual Brown Sandals. Category: Shoes. Subcategory: Sandals. Gender: Men. Color: Brown.,Fashion Product Images Small,Footwear,Sandal,Sandals,Exact articleType: Sandals
FP015370,15370,Urban Yoga Women Solid Pink Sweatshirts,,Clothing,Sweatshirt,Women,Pink,,images/FP015370.jpg,Product: Urban Yoga Women Solid Pink Sweatshirts. Category: Clothing. Subcategory: Sweatshirt. Gender: Women. Color: Pink.,Fashion Product Images Small,Apparel,Topwear,Sweatshirts,Exact articleType: Sweatshirts
FP015401,15401,Fila Men Tubes White Casual Shoes,,Shoes,Casual Shoes,Men,White,,images/FP015401.jpg,Product: Fila Men Tubes White Casual Shoes. Category: Shoes. Subcategory: Casual Shoes. Gender: Men. Color: White.,Fashion Product Images Small,Footwear,Shoes,Casual Shoes,Exact articleType: Casual Shoes
FP015415,15415,FILA Women Tenet Black Sports Shoes,,Shoes,Sports Shoes,Women,Black,,images/FP015415.jpg,Product: FILA Women Tenet Black Sports Shoes. Category: Shoes. Subcategory: Sports Shoes. Gender: Women. Color: Black.,Fashion Product Images Small,Footwear,Shoes,Sports Shoes,Exact articleType: Sports Shoes
FP015462,15462,Puma Men Heroes Wind Black Jackets,,Clothing,Jacket,Men,Black,,images/FP015462.jpg,Product: Puma Men Heroes Wind Black Jackets. Category: Clothing. Subcategory: Jacket. Gender: Men. Color: Black.,Fashion Product Images Small,Apparel,Topwear,Jackets,Exact articleType: Jackets
FP015464,15464,Puma Men Frost HD Black Jackets,,Clothing,Jacket,Men,Black,,images/FP015464.jpg,Product: Puma Men Frost HD Black Jackets. Category: Clothing. Subcategory: Jacket. Gender: Men. Color: Black.,Fashion Product Images Small,Apparel,Topwear,Jackets,Exact articleType: Jackets
FP015466,15466,Puma Men Mens Active Padded Vest Blue Jackets,,Clothing,Jacket,Men,Blue,,images/FP015466.jpg,Product: Puma Men Mens Active Padded Vest Blue Jackets. Category: Clothing. Subcategory: Jacket. Gender: Men. Color: Blue.,Fashion Product Images Small,Apparel,Topwear,Jackets,Exact articleType: Jackets
FP015496,15496,Carlton London Women Casual Denim Blue  Shoes,,Shoes,Casual Shoes,Women,Blue,,images/FP015496.jpg,Product: Carlton London Women Casual Denim Blue  Shoes. Category: Shoes. Subcategory: Casual Shoes. Gender: Women. Color: Blue.,Fashion Product Images Small,Footwear,Shoes,Casual Shoes,Exact articleType: Casual Shoes
FP015586,15586,Proline Men Green Printed Sweatshirt,,Clothing,Sweatshirt,Men,Green,,images/FP015586.jpg,Product: Proline Men Green Printed Sweatshirt. Category: Clothing. Subcategory: Sweatshirt. Gender: Men. Color: Green.,Fashion Product Images Small,Apparel,Topwear,Sweatshirts,Exact articleType: Sweatshirts
FP015598,15598,Nike Men Casual Black Sweatshirts,,Clothing,Sweatshirt,Men,Black,,images/FP015598.jpg,Product: Nike Men Casual Black Sweatshirts. Category: Clothing. Subcategory: Sweatshirt. Gender: Men. Color: Black.,Fashion Product Images Small,Apparel,Topwear,Sweatshirts,Exact articleType: Sweatshirts
FP015599,15599,Nike Men Casual Black Sweatshirts,,Clothing,Sweatshirt,Men,Black,,images/FP015599.jpg,Product: Nike Men Casual Black Sweatshirts. Category: Clothing. Subcategory: Sweatshirt. Gender: Men. Color: Black.,Fashion Product Images Small,Apparel,Topwear,Sweatshirts,Exact articleType: Sweatshirts
FP015601,15601,Nike Men Football Soccer Navy Blue Jackets,,Clothing,Jacket,Men,Navy Blue,,images/FP015601.jpg,Product: Nike Men Football Soccer Navy Blue Jackets. Category: Clothing. Subcategory: Jacket. Gender: Men. Color: Navy Blue.,Fashion Product Images Small,Apparel,Topwear,Jackets,Exact articleType: Jackets
FP015602,15602,Nike Men Casual Black Sweatshirts,,Clothing,Sweatshirt,Men,Black,,images/FP015602.jpg,Product: Nike Men Casual Black Sweatshirts. Category: Clothing. Subcategory: Sweatshirt. Gender: Men. Color: Black.,Fashion Product Images Small,Apparel,Topwear,Sweatshirts,Exact articleType: Sweatshirts
FP015603,15603,Nike Men Football Soccer Black Jackets,,Clothing,Jacket,Men,Black,,images/FP015603.jpg,Product: Nike Men Football Soccer Black Jackets. Category: Clothing. Subcategory: Jacket. Gender: Men. Color: Black.,Fashion Product Images Small,Apparel,Topwear,Jackets,Exact articleType: Jackets
FP015619,15619,Nike Men AS Squad FT FZ Hoody Grey Sweatshirts,,Clothing,Sweatshirt,Men,Grey,,images/FP015619.jpg,Product: Nike Men AS Squad FT FZ Hoody Grey Sweatshirts. Category: Clothing. Subcategory: Sweatshirt. Gender: Men. Color: Grey.,Fashion Product Images Small,Apparel,Topwear,Sweatshirts,Exact articleType: Sweatshirts
FP015623,15623,Nike Women AS Squad Fleece FZ Hoody Purple Sweatshirts,,Clothing,Sweatshirt,Women,Purple,,images/FP015623.jpg,Product: Nike Women AS Squad Fleece FZ Hoody Purple Sweatshirts. Category: Clothing. Subcategory: Sweatshirt. Gender: Women. Color: Purple.,Fashion Product Images Small,Apparel,Topwear,Sweatshirts,Exact articleType: Sweatshirts
FP015626,15626,Nike Men AS Manu Auth CL N98 Red Jackets,,Clothing,Jacket,Men,Red,,images/FP015626.jpg,Product: Nike Men AS Manu Auth CL N98 Red Jackets. Category: Clothing. Subcategory: Jacket. Gender: Men. Color: Red.,Fashion Product Images Small,Apparel,Topwear,Jackets,Exact articleType: Jackets
FP015628,15628,Nike Men AS Squad FT FZ Hoody Black Sweatshirt,,Clothing,Sweatshirt,Men,Black,,images/FP015628.jpg,Product: Nike Men AS Squad FT FZ Hoody Black Sweatshirt. Category: Clothing. Subcategory: Sweatshirt. Gender: Men. Color: Black.,Fashion Product Images Small,Apparel,Topwear,Sweatshirts,Exact articleType: Sweatshirts
FP015629,15629,Nike Men AS Squad Fleece FZ Hoody Navy Blue Sweatshirts,,Clothing,Sweatshirt,Men,Navy Blue,,images/FP015629.jpg,Product: Nike Men AS Squad Fleece FZ Hoody Navy Blue Sweatshirts. Category: Clothing. Subcategory: Sweatshirt. Gender: Men. Color: Navy Blue.,Fashion Product Images Small,Apparel,Topwear,Sweatshirts,Exact articleType: Sweatshirts
FP015731,15731,Nike Men Liteforce Green Casual Shoes,,Shoes,Casual Shoes,Men,Green,,images/FP015731.jpg,Product: Nike Men Liteforce Green Casual Shoes. Category: Shoes. Subcategory: Casual Shoes. Gender: Men. Color: Green.,Fashion Product Images Small,Footwear,Shoes,Casual Shoes,Exact articleType: Casual Shoes
FP015736,15736,Nike Men Sweet Classic high White Casual Shoes,,Shoes,Casual Shoes,Men,White,,images/FP015736.jpg,Product: Nike Men Sweet Classic high White Casual Shoes. Category: Shoes. Subcategory: Casual Shoes. Gender: Men. Color: White.,Fashion Product Images Small,Footwear,Shoes,Casual Shoes,Exact articleType: Casual Shoes
FP015742,15742,Nike Men Air Max Full Court Black Sports Shoes,,Shoes,Sports Shoes,Men,Black,,images/FP015742.jpg,Product: Nike Men Air Max Full Court Black Sports Shoes. Category: Shoes. Subcategory: Sports Shoes. Gender: Men. Color: Black.,Fashion Product Images Small,Footwear,Shoes,Sports Shoes,Exact articleType: Sports Shoes
FP015746,15746,Nike Men Ballista II White Sports Shoes,,Shoes,Sports Shoes,Men,White,,images/FP015746.jpg,Product: Nike Men Ballista II White Sports Shoes. Category: Shoes. Subcategory: Sports Shoes. Gender: Men. Color: White.,Fashion Product Images Small,Footwear,Shoes,Sports Shoes,Exact articleType: Sports Shoes
FP015852,15852,Warner Bros Kids Unisex TJ Dance Canvas Grey Casual Shoes,,Shoes,Casual Shoes,Unisex,Grey,,images/FP015852.jpg,Product: Warner Bros Kids Unisex TJ Dance Canvas Grey Casual Shoes. Category: Shoes. Subcategory: Casual Shoes. Gender: Unisex. Color: Grey.,Fashion Product Images Small,Footwear,Shoes,Casual Shoes,Exact articleType: Casual Shoes
FP015856,15856,Warner Bros Kids Unisex TJ Hit & Chase Flops Red Slippers,,Shoes,Sandals,Unisex,Red,,images/FP015856.jpg,Product: Warner Bros Kids Unisex TJ Hit & Chase Flops Red Slippers. Category: Shoes. Subcategory: Sandals. Gender: Unisex. Color: Red.,Fashion Product Images Small,Footwear,Sandal,Sandals,Exact articleType: Sandals
FP015864,15864,Warner Bros Kids Unisex SD FAce Sandal Navy Blue Sandals,,Shoes,Sandals,Unisex,Navy Blue,,images/FP015864.jpg,Product: Warner Bros Kids Unisex SD FAce Sandal Navy Blue Sandals. Category: Shoes. Subcategory: Sandals. Gender: Unisex. Color: Navy Blue.,Fashion Product Images Small,Footwear,Sandal,Sandals,Exact articleType: Sandals
FP015880,15880,Warner Bros Kids Unisex TJ Jerry  Navy Blue Sandals,,Shoes,Sandals,Unisex,Navy Blue,,images/FP015880.jpg,Product: Warner Bros Kids Unisex TJ Jerry  Navy Blue Sandals. Category: Shoes. Subcategory: Sandals. Gender: Unisex. Color: Navy Blue.,Fashion Product Images Small,Footwear,Sandal,Sandals,Exact articleType: Sandals
FP015963,15963,Turtle Solid Men Black Jacket,,Clothing,Jacket,Men,Grey,,images/FP015963.jpg,Product: Turtle Solid Men Black Jacket. Category: Clothing. Subcategory: Jacket. Gender: Men. Color: Grey.,Fashion Product Images Small,Apparel,Topwear,Jackets,Exact articleType: Jackets
FP016113,16113,Numero Uno Men Casual Brown Slipper,,Shoes,Sandals,Men,Brown,,images/FP016113.jpg,Product: Numero Uno Men Casual Brown Slipper. Category: Shoes. Subcategory: Sandals. Gender: Men. Color: Brown.,Fashion Product Images Small,Footwear,Sandal,Sandals,Exact articleType: Sandals
FP016117,16117,Numero Uno Men Casual Black Slipper,,Shoes,Sandals,Men,Black,,images/FP016117.jpg,Product: Numero Uno Men Casual Black Slipper. Category: Shoes. Subcategory: Sandals. Gender: Men. Color: Black.,Fashion Product Images Small,Footwear,Sandal,Sandals,Exact articleType: Sandals
FP016129,16129,ADIDAS Men Blue Polo Tshirt,,Clothing,Polo,Men,Blue,,images/FP016129.jpg,Product: ADIDAS Men Blue Polo Tshirt. Category: Clothing. Subcategory: Polo. Gender: Men. Color: Blue.,Fashion Product Images Small,Apparel,Topwear,Tshirts,Tshirts + product name contains Polo
FP016132,16132,Tokyo Talkies Women Printed White T-shirt,,Clothing,T-Shirt,Women,White,,images/FP016132.jpg,Product: Tokyo Talkies Women Printed White T-shirt. Category: Clothing. Subcategory: T-Shirt. Gender: Women. Color: White.,Fashion Product Images Small,Apparel,Topwear,Tshirts,Tshirts
FP016201,16201,Puma Men Polo Black TShirt,,Clothing,Polo,Men,Black,,images/FP016201.jpg,Product: Puma Men Polo Black TShirt. Category: Clothing. Subcategory: Polo. Gender: Men. Color: Black.,Fashion Product Images Small,Apparel,Topwear,Tshirts,Tshirts + product name contains Polo
FP016208,16208,Puma Men Cheveron Wording Black SweatShirt,,Clothing,Sweatshirt,Men,Black,,images/FP016208.jpg,Product: Puma Men Cheveron Wording Black SweatShirt. Category: Clothing. Subcategory: Sweatshirt. Gender: Men. Color: Black.,Fashion Product Images Small,Apparel,Topwear,Sweatshirts,Exact articleType: Sweatshirts
FP016229,16229,Puma Men Logo Crew  Black SweatShirt,,Clothing,Sweatshirt,Men,Black,,images/FP016229.jpg,Product: Puma Men Logo Crew  Black SweatShirt. Category: Clothing. Subcategory: Sweatshirt. Gender: Men. Color: Black.,Fashion Product Images Small,Apparel,Topwear,Sweatshirts,Exact articleType: Sweatshirts
FP016231,16231,Puma Men Ess Hooded Black Sweatshirt,,Clothing,Sweatshirt,Men,Black,,images/FP016231.jpg,Product: Puma Men Ess Hooded Black Sweatshirt. Category: Clothing. Subcategory: Sweatshirt. Gender: Men. Color: Black.,Fashion Product Images Small,Apparel,Topwear,Sweatshirts,Exact articleType: Sweatshirts
FP016275,16275,Free Authority Men Stripes Purple Sweatshirts,,Clothing,Sweatshirt,Men,Black,,images/FP016275.jpg,Product: Free Authority Men Stripes Purple Sweatshirts. Category: Clothing. Subcategory: Sweatshirt. Gender: Men. Color: Black.,Fashion Product Images Small,Apparel,Topwear,Sweatshirts,Exact articleType: Sweatshirts
FP016291,16291,Peter England Men Stripes Blue Polo T-Shirt,,Clothing,Polo,Men,Blue,,images/FP016291.jpg,Product: Peter England Men Stripes Blue Polo T-Shirt. Category: Clothing. Subcategory: Polo. Gender: Men. Color: Blue.,Fashion Product Images Small,Apparel,Topwear,Tshirts,Tshirts + product name contains Polo
FP016292,16292,Peter England Men Stripes Navy Blue Polo T-Shirt,,Clothing,Polo,Men,Navy Blue,,images/FP016292.jpg,Product: Peter England Men Stripes Navy Blue Polo T-Shirt. Category: Clothing. Subcategory: Polo. Gender: Men. Color: Navy Blue.,Fashion Product Images Small,Apparel,Topwear,Tshirts,Tshirts + product name contains Polo
FP016419,16419,Levi's Men Stripes Green Tshirts,,Clothing,T-Shirt,Men,Green,,images/FP016419.jpg,Product: Levi's Men Stripes Green Tshirts. Category: Clothing. Subcategory: T-Shirt. Gender: Men. Color: Green.,Fashion Product Images Small,Apparel,Topwear,Tshirts,Tshirts
FP016424,16424,Levi's Men Printed Blue  Tshirts,,Clothing,T-Shirt,Men,Blue,,images/FP016424.jpg,Product: Levi's Men Printed Blue  Tshirts. Category: Clothing. Subcategory: T-Shirt. Gender: Men. Color: Blue.,Fashion Product Images Small,Apparel,Topwear,Tshirts,Tshirts
FP016433,16433,Levi's Men Printed Navy Blue Tshirts,,Clothing,T-Shirt,Men,Navy Blue,,images/FP016433.jpg,Product: Levi's Men Printed Navy Blue Tshirts. Category: Clothing. Subcategory: T-Shirt. Gender: Men. Color: Navy Blue.,Fashion Product Images Small,Apparel,Topwear,Tshirts,Tshirts
FP016436,16436,Levi's Men Printed Grey Tshirts,,Clothing,T-Shirt,Men,Grey,,images/FP016436.jpg,Product: Levi's Men Printed Grey Tshirts. Category: Clothing. Subcategory: T-Shirt. Gender: Men. Color: Grey.,Fashion Product Images Small,Apparel,Topwear,Tshirts,Tshirts
FP016438,16438,Levi's Men Printed Blue  Tshirts,,Clothing,T-Shirt,Men,Blue,,images/FP016438.jpg,Product: Levi's Men Printed Blue  Tshirts. Category: Clothing. Subcategory: T-Shirt. Gender: Men. Color: Blue.,Fashion Product Images Small,Apparel,Topwear,Tshirts,Tshirts
FP016495,16495,Locomotive Men Printed Grey TShirt,,Clothing,T-Shirt,Men,Grey,,images/FP016495.jpg,Product: Locomotive Men Printed Grey TShirt. Category: Clothing. Subcategory: T-Shirt. Gender: Men. Color: Grey.,Fashion Product Images Small,Apparel,Topwear,Tshirts,Tshirts
FP016497,16497,Locomotive Men Printed Red TShirt,,Clothing,T-Shirt,Men,Red,,images/FP016497.jpg,Product: Locomotive Men Printed Red TShirt. Category: Clothing. Subcategory: T-Shirt. Gender: Men. Color: Red.,Fashion Product Images Small,Apparel,Topwear,Tshirts,Tshirts
FP016502,16502,Locomotive Men Solid Navy Blue Polo TShirt,,Clothing,Polo,Men,Navy Blue,,images/FP016502.jpg,Product: Locomotive Men Solid Navy Blue Polo TShirt. Category: Clothing. Subcategory: Polo. Gender: Men. Color: Navy Blue.,Fashion Product Images Small,Apparel,Topwear,Tshirts,Tshirts + product name contains Polo
FP016625,16625,Facit Men Smart Red Tshirt,,Clothing,T-Shirt,Men,Red,,images/FP016625.jpg,Product: Facit Men Smart Red Tshirt. Category: Clothing. Subcategory: T-Shirt. Gender: Men. Color: Red.,Fashion Product Images Small,Apparel,Topwear,Tshirts,Tshirts
FP016643,16643,Facit Men Smart Blue Tshirt,,Clothing,T-Shirt,Men,Blue,,images/FP016643.jpg,Product: Facit Men Smart Blue Tshirt. Category: Clothing. Subcategory: T-Shirt. Gender: Men. Color: Blue.,Fashion Product Images Small,Apparel,Topwear,Tshirts,Tshirts
FP016647,16647,Facit Men Polo Tee Red Tshirt,,Clothing,Polo,Men,Red,,images/FP016647.jpg,Product: Facit Men Polo Tee Red Tshirt. Category: Clothing. Subcategory: Polo. Gender: Men. Color: Red.,Fashion Product Images Small,Apparel,Topwear,Tshirts,Tshirts + product name contains Polo
FP016719,16719,Fila Men Solid Black Jacket,,Clothing,Jacket,Men,Black,,images/FP016719.jpg,Product: Fila Men Solid Black Jacket. Category: Clothing. Subcategory: Jacket. Gender: Men. Color: Black.,Fashion Product Images Small,Apparel,Topwear,Jackets,Exact articleType: Jackets
FP016822,16822,Little Miss Women Printed Pink T-shirt,,Clothing,T-Shirt,Women,Pink,,images/FP016822.jpg,Product: Little Miss Women Printed Pink T-shirt. Category: Clothing. Subcategory: T-Shirt. Gender: Women. Color: Pink.,Fashion Product Images Small,Apparel,Topwear,Tshirts,Tshirts
FP016900,16900,Status Quo Men Green Polo Tshirt,,Clothing,Polo,Men,Green,,images/FP016900.jpg,Product: Status Quo Men Green Polo Tshirt. Category: Clothing. Subcategory: Polo. Gender: Men. Color: Green.,Fashion Product Images Small,Apparel,Topwear,Tshirts,Tshirts + product name contains Polo
FP016905,16905,Status Quo Men Solid Green Sweatshirt,,Clothing,Sweatshirt,Men,Green,,images/FP016905.jpg,Product: Status Quo Men Solid Green Sweatshirt. Category: Clothing. Subcategory: Sweatshirt. Gender: Men. Color: Green.,Fashion Product Images Small,Apparel,Topwear,Sweatshirts,Exact articleType: Sweatshirts
FP016906,16906,Status Quo Men Solid Maroon Sweatshirt,,Clothing,Sweatshirt,Men,Maroon,,images/FP016906.jpg,Product: Status Quo Men Solid Maroon Sweatshirt. Category: Clothing. Subcategory: Sweatshirt. Gender: Men. Color: Maroon.,Fashion Product Images Small,Apparel,Topwear,Sweatshirts,Exact articleType: Sweatshirts
FP016910,16910,Mr. Men Men Printed Blue Sweatshirt,,Clothing,Sweatshirt,Men,Blue,,images/FP016910.jpg,Product: Mr. Men Men Printed Blue Sweatshirt. Category: Clothing. Subcategory: Sweatshirt. Gender: Men. Color: Blue.,Fashion Product Images Small,Apparel,Topwear,Sweatshirts,Exact articleType: Sweatshirts
FP016929,16929,Spykar Men Solid Black Sweatshirt,,Clothing,Sweatshirt,Men,Black,,images/FP016929.jpg,Product: Spykar Men Solid Black Sweatshirt. Category: Clothing. Subcategory: Sweatshirt. Gender: Men. Color: Black.,Fashion Product Images Small,Apparel,Topwear,Sweatshirts,Exact articleType: Sweatshirts
FP016972,16972,Puma Men Cooper Black Sandal,,Shoes,Sandals,Men,Black,,images/FP016972.jpg,Product: Puma Men Cooper Black Sandal. Category: Shoes. Subcategory: Sandals. Gender: Men. Color: Black.,Fashion Product Images Small,Footwear,Sandal,Sandals,Exact articleType: Sandals
FP017048,17048,Gas Men Santa Monica Slipper,,Shoes,Sandals,Men,Tan,,images/FP017048.jpg,Product: Gas Men Santa Monica Slipper. Category: Shoes. Subcategory: Sandals. Gender: Men. Color: Tan.,Fashion Product Images Small,Footwear,Sandal,Sandals,Exact articleType: Sandals
FP017051,17051,Gas Men Venice Slipper,,Shoes,Sandals,Men,Tan,,images/FP017051.jpg,Product: Gas Men Venice Slipper. Category: Shoes. Subcategory: Sandals. Gender: Men. Color: Tan.,Fashion Product Images Small,Footwear,Sandal,Sandals,Exact articleType: Sandals
FP017154,17154,U.S. Polo Assn. Men Solid Navy Blue Jacket,,Clothing,Jacket,Men,Navy Blue,,images/FP017154.jpg,Product: U.S. Polo Assn. Men Solid Navy Blue Jacket. Category: Clothing. Subcategory: Jacket. Gender: Men. Color: Navy Blue.,Fashion Product Images Small,Apparel,Topwear,Jackets,Exact articleType: Jackets
FP017261,17261,U.S. Polo Assn. Men Stripes Limoges Polo Tshirt,,Clothing,T-Shirt,Men,Blue,,images/FP017261.jpg,Product: U.S. Polo Assn. Men Stripes Limoges Polo Tshirt. Category: Clothing. Subcategory: T-Shirt. Gender: Men. Color: Blue.,Fashion Product Images Small,Apparel,Topwear,Tshirts,Tshirts + Polo token appears to be brand-related; review
FP017284,17284,U.S. Polo Assn. Men Stripes Fedral Blue Polo  Tshirt,,Clothing,T-Shirt,Men,Blue,,images/FP017284.jpg,Product: U.S. Polo Assn. Men Stripes Fedral Blue Polo  Tshirt. Category: Clothing. Subcategory: T-Shirt. Gender: Men. Color: Blue.,Fashion Product Images Small,Apparel,Topwear,Tshirts,Tshirts + Polo token appears to be brand-related; review
FP017285,17285,U.S. Polo Assn. Men Solid Black  polo Tshirt,,Clothing,T-Shirt,Men,Black,,images/FP017285.jpg,Product: U.S. Polo Assn. Men Solid Black  polo Tshirt. Category: Clothing. Subcategory: T-Shirt. Gender: Men. Color: Black.,Fashion Product Images Small,Apparel,Topwear,Tshirts,Tshirts + Polo token appears to be brand-related; review
FP017286,17286,U.S. Polo Assn. Men Solid Grey  Melange Polo Tshirt,,Clothing,T-Shirt,Men,Grey Melange,,images/FP017286.jpg,Product: U.S. Polo Assn. Men Solid Grey  Melange Polo Tshirt. Category: Clothing. Subcategory: T-Shirt. Gender: Men. Color: Grey Melange.,Fashion Product Images Small,Apparel,Topwear,Tshirts,Tshirts + Polo token appears to be brand-related; review
FP017289,17289,U.S. Polo Assn. Men Solid Green Polo Tshirt,,Clothing,T-Shirt,Men,Green,,images/FP017289.jpg,Product: U.S. Polo Assn. Men Solid Green Polo Tshirt. Category: Clothing. Subcategory: T-Shirt. Gender: Men. Color: Green.,Fashion Product Images Small,Apparel,Topwear,Tshirts,Tshirts + Polo token appears to be brand-related; review
FP017503,17503,Classic Polo Men Stripes Black Polo T-Shirt,,Clothing,Polo,Men,Black,,images/FP017503.jpg,Product: Classic Polo Men Stripes Black Polo T-Shirt. Category: Clothing. Subcategory: Polo. Gender: Men. Color: Black.,Fashion Product Images Small,Apparel,Topwear,Tshirts,Tshirts + product name contains Polo
FP017690,17690,Vans Men Chukka Low Grey Casual Shoes,,Shoes,Casual Shoes,Men,Grey,,images/FP017690.jpg,Product: Vans Men Chukka Low Grey Casual Shoes. Category: Shoes. Subcategory: Casual Shoes. Gender: Men. Color: Grey.,Fashion Product Images Small,Footwear,Shoes,Casual Shoes,Exact articleType: Casual Shoes
FP017692,17692,Vans Men Rowley Style 99 S Red Casual Shoes,,Shoes,Casual Shoes,Men,Red,,images/FP017692.jpg,Product: Vans Men Rowley Style 99 S Red Casual Shoes. Category: Shoes. Subcategory: Casual Shoes. Gender: Men. Color: Red.,Fashion Product Images Small,Footwear,Shoes,Casual Shoes,Exact articleType: Casual Shoes
FP017747,17747,Puma Men Track Cat Black Casual Shoe,,Shoes,Casual Shoes,Men,Black,,images/FP017747.jpg,Product: Puma Men Track Cat Black Casual Shoe. Category: Shoes. Subcategory: Casual Shoes. Gender: Men. Color: Black.,Fashion Product Images Small,Footwear,Shoes,Casual Shoes,Exact articleType: Casual Shoes
FP017815,17815,Lee Cooper Men  Black Sandal,,Shoes,Sandals,Men,Black,,images/FP017815.jpg,Product: Lee Cooper Men  Black Sandal. Category: Shoes. Subcategory: Sandals. Gender: Men. Color: Black.,Fashion Product Images Small,Footwear,Sandal,Sandals,Exact articleType: Sandals
FP017817,17817,Lee Cooper Men  Black Sandal,,Shoes,Sandals,Men,Black,,images/FP017817.jpg,Product: Lee Cooper Men  Black Sandal. Category: Shoes. Subcategory: Sandals. Gender: Men. Color: Black.,Fashion Product Images Small,Footwear,Sandal,Sandals,Exact articleType: Sandals
FP017851,17851,Flying Machine Women Blue Tshirt,,Clothing,T-Shirt,Women,Blue,,images/FP017851.jpg,Product: Flying Machine Women Blue Tshirt. Category: Clothing. Subcategory: T-Shirt. Gender: Women. Color: Blue.,Fashion Product Images Small,Apparel,Topwear,Tshirts,Tshirts
FP017899,17899,Nike Men Casual Black Jacket,,Clothing,Jacket,Men,Black,,images/FP017899.jpg,Product: Nike Men Casual Black Jacket. Category: Clothing. Subcategory: Jacket. Gender: Men. Color: Black.,Fashion Product Images Small,Apparel,Topwear,Jackets,Exact articleType: Jackets
FP017905,17905,Nike Men Casual Black Sweatshirt,,Clothing,Sweatshirt,Men,Black,,images/FP017905.jpg,Product: Nike Men Casual Black Sweatshirt. Category: Clothing. Subcategory: Sweatshirt. Gender: Men. Color: Black.,Fashion Product Images Small,Apparel,Topwear,Sweatshirts,Exact articleType: Sweatshirts
FP017906,17906,Nike Men Sptcas Black Sweatshirt,,Clothing,Sweatshirt,Men,Black,,images/FP017906.jpg,Product: Nike Men Sptcas Black Sweatshirt. Category: Clothing. Subcategory: Sweatshirt. Gender: Men. Color: Black.,Fashion Product Images Small,Apparel,Topwear,Sweatshirts,Exact articleType: Sweatshirts
FP017907,17907,Nike Men Sptcas Black Sweatshirt,,Clothing,Sweatshirt,Men,Black,,images/FP017907.jpg,Product: Nike Men Sptcas Black Sweatshirt. Category: Clothing. Subcategory: Sweatshirt. Gender: Men. Color: Black.,Fashion Product Images Small,Apparel,Topwear,Sweatshirts,Exact articleType: Sweatshirts
FP017911,17911,Nike Women Sptcas Black Jacket,,Clothing,Jacket,Women,Black,,images/FP017911.jpg,Product: Nike Women Sptcas Black Jacket. Category: Clothing. Subcategory: Jacket. Gender: Women. Color: Black.,Fashion Product Images Small,Apparel,Topwear,Jackets,Exact articleType: Jackets
FP017917,17917,Nike Men Purple Sweatshirt,,Clothing,Sweatshirt,Men,Purple,,images/FP017917.jpg,Product: Nike Men Purple Sweatshirt. Category: Clothing. Subcategory: Sweatshirt. Gender: Men. Color: Purple.,Fashion Product Images Small,Apparel,Topwear,Sweatshirts,Exact articleType: Sweatshirts
FP017923,17923,Nike Women Sptcas Black Sweatshirt,,Clothing,Sweatshirt,Women,Black,,images/FP017923.jpg,Product: Nike Women Sptcas Black Sweatshirt. Category: Clothing. Subcategory: Sweatshirt. Gender: Women. Color: Black.,Fashion Product Images Small,Apparel,Topwear,Sweatshirts,Exact articleType: Sweatshirts
FP017942,17942,Puma Men Polo Striped Jersey Grey Tshirt,,Clothing,Polo,Men,Grey,,images/FP017942.jpg,Product: Puma Men Polo Striped Jersey Grey Tshirt. Category: Clothing. Subcategory: Polo. Gender: Men. Color: Grey.,Fashion Product Images Small,Apparel,Topwear,Tshirts,Tshirts + product name contains Polo
FP017965,17965,Puma Women Black Sandal,,Shoes,Sandals,Women,Black,,images/FP017965.jpg,Product: Puma Women Black Sandal. Category: Shoes. Subcategory: Sandals. Gender: Women. Color: Black.,Fashion Product Images Small,Footwear,Sandal,Sports Sandals,Exact articleType: Sports Sandals
FP017973,17973,Puma Men Rio Black Sandal,,Shoes,Sandals,Men,Black,,images/FP017973.jpg,Product: Puma Men Rio Black Sandal. Category: Shoes. Subcategory: Sandals. Gender: Men. Color: Black.,Fashion Product Images Small,Footwear,Sandal,Sandals,Exact articleType: Sandals
FP017977,17977,Puma Men Wirko Black Sports Shoe,,Shoes,Sports Shoes,Men,Black,,images/FP017977.jpg,Product: Puma Men Wirko Black Sports Shoe. Category: Shoes. Subcategory: Sports Shoes. Gender: Men. Color: Black.,Fashion Product Images Small,Footwear,Shoes,Sports Shoes,Exact articleType: Sports Shoes
FP017980,17980,Puma Unisex Navy Blue Hip Hop Casual Shoes,,Shoes,Casual Shoes,Unisex,Navy Blue,,images/FP017980.jpg,Product: Puma Unisex Navy Blue Hip Hop Casual Shoes. Category: Shoes. Subcategory: Casual Shoes. Gender: Unisex. Color: Navy Blue.,Fashion Product Images Small,Footwear,Shoes,Casual Shoes,Exact articleType: Casual Shoes
FP018202,18202,Nike Men AS Squad Fleec LS Crew Grey Sweatshirt,,Clothing,Sweatshirt,Men,Grey,,images/FP018202.jpg,Product: Nike Men AS Squad Fleec LS Crew Grey Sweatshirt. Category: Clothing. Subcategory: Sweatshirt. Gender: Men. Color: Grey.,Fashion Product Images Small,Apparel,Topwear,Sweatshirts,Exact articleType: Sweatshirts
FP018401,18401,Skechers Men USA Brown Sandals,,Shoes,Sandals,Men,Brown,,images/FP018401.jpg,Product: Skechers Men USA Brown Sandals. Category: Shoes. Subcategory: Sandals. Gender: Men. Color: Brown.,Fashion Product Images Small,Footwear,Sandal,Sandals,Exact articleType: Sandals
FP018411,18411,Skechers Women Shape-Ups White Shoe,,Shoes,Sports Shoes,Women,White,,images/FP018411.jpg,Product: Skechers Women Shape-Ups White Shoe. Category: Shoes. Subcategory: Sports Shoes. Gender: Women. Color: White.,Fashion Product Images Small,Footwear,Shoes,Sports Shoes,Exact articleType: Sports Shoes
FP018421,18421,Skechers Women Shape-Ups White Shoe,,Shoes,Sports Shoes,Women,White,,images/FP018421.jpg,Product: Skechers Women Shape-Ups White Shoe. Category: Shoes. Subcategory: Sports Shoes. Gender: Women. Color: White.,Fashion Product Images Small,Footwear,Shoes,Sports Shoes,Exact articleType: Sports Shoes
FP018484,18484,Puma Men Evo Black Casual Shoes,,Shoes,Casual Shoes,Men,Black,,images/FP018484.jpg,Product: Puma Men Evo Black Casual Shoes. Category: Shoes. Subcategory: Casual Shoes. Gender: Men. Color: Black.,Fashion Product Images Small,Footwear,Shoes,Casual Shoes,Exact articleType: Casual Shoes
FP018489,18489,Puma Men Coupe Black Sandals,,Shoes,Sandals,Men,Black,,images/FP018489.jpg,Product: Puma Men Coupe Black Sandals. Category: Shoes. Subcategory: Sandals. Gender: Men. Color: Black.,Fashion Product Images Small,Footwear,Sandal,Sandals,Exact articleType: Sandals
FP018491,18491,Nike Men Sideline Black Jacket,,Clothing,Jacket,Men,Black,,images/FP018491.jpg,Product: Nike Men Sideline Black Jacket. Category: Clothing. Subcategory: Jacket. Gender: Men. Color: Black.,Fashion Product Images Small,Apparel,Topwear,Jackets,Exact articleType: Jackets
FP018498,18498,Puma Men Gypse-II Black Sandals,,Shoes,Sandals,Men,Black,,images/FP018498.jpg,Product: Puma Men Gypse-II Black Sandals. Category: Shoes. Subcategory: Sandals. Gender: Men. Color: Black.,Fashion Product Images Small,Footwear,Sandal,Sandals,Exact articleType: Sandals
FP018509,18509,C Vox Men Bubble 1344 Black Jacket,,Clothing,Jacket,Men,Black,,images/FP018509.jpg,Product: C Vox Men Bubble 1344 Black Jacket. Category: Clothing. Subcategory: Jacket. Gender: Men. Color: Black.,Fashion Product Images Small,Apparel,Topwear,Jackets,Exact articleType: Jackets
FP018512,18512,C Vox Men Red Jacket,,Clothing,Jacket,Men,Red,,images/FP018512.jpg,Product: C Vox Men Red Jacket. Category: Clothing. Subcategory: Jacket. Gender: Men. Color: Red.,Fashion Product Images Small,Apparel,Topwear,Jackets,Exact articleType: Jackets
FP018520,18520,C Vox Women Solid 1354 Black Jacket,,Clothing,Jacket,Women,Black,,images/FP018520.jpg,Product: C Vox Women Solid 1354 Black Jacket. Category: Clothing. Subcategory: Jacket. Gender: Women. Color: Black.,Fashion Product Images Small,Apparel,Topwear,Jackets,Exact articleType: Jackets
FP018561,18561,Catwalk Women  Blue Casual Shoe,,Shoes,Casual Shoes,Women,Blue,,images/FP018561.jpg,Product: Catwalk Women  Blue Casual Shoe. Category: Shoes. Subcategory: Casual Shoes. Gender: Women. Color: Blue.,Fashion Product Images Small,Footwear,Shoes,Casual Shoes,Exact articleType: Casual Shoes
FP018601,18601,Puma Men Black Roque Sandals,,Shoes,Sandals,Men,Black,,images/FP018601.jpg,Product: Puma Men Black Roque Sandals. Category: Shoes. Subcategory: Sandals. Gender: Men. Color: Black.,Fashion Product Images Small,Footwear,Sandal,Sandals,Exact articleType: Sandals
FP018651,18651,Fila Men Over Stitch Brown Slippers,,Shoes,Sandals,Men,Brown,,images/FP018651.jpg,Product: Fila Men Over Stitch Brown Slippers. Category: Shoes. Subcategory: Sandals. Gender: Men. Color: Brown.,Fashion Product Images Small,Footwear,Sandal,Sandals,Exact articleType: Sandals
FP018658,18658,Fila Men Craze Brown Casual Shoes,,Shoes,Casual Shoes,Men,Brown,,images/FP018658.jpg,Product: Fila Men Craze Brown Casual Shoes. Category: Shoes. Subcategory: Casual Shoes. Gender: Men. Color: Brown.,Fashion Product Images Small,Footwear,Shoes,Casual Shoes,Exact articleType: Casual Shoes
FP018672,18672,Fila Men Survivor Grey Sports Shoes,,Shoes,Sports Shoes,Men,Grey,,images/FP018672.jpg,Product: Fila Men Survivor Grey Sports Shoes. Category: Shoes. Subcategory: Sports Shoes. Gender: Men. Color: Grey.,Fashion Product Images Small,Footwear,Shoes,Sports Shoes,Exact articleType: Sports Shoes
FP018855,18855,Puma Men Athletic Stellar Blue Polo Tshirt,,Clothing,Polo,Men,Blue,,images/FP018855.jpg,Product: Puma Men Athletic Stellar Blue Polo Tshirt. Category: Clothing. Subcategory: Polo. Gender: Men. Color: Blue.,Fashion Product Images Small,Apparel,Topwear,Tshirts,Tshirts + product name contains Polo
FP018858,18858,Puma Men Generation Red Polo Tshirt,,Clothing,Polo,Men,Red,,images/FP018858.jpg,Product: Puma Men Generation Red Polo Tshirt. Category: Clothing. Subcategory: Polo. Gender: Men. Color: Red.,Fashion Product Images Small,Apparel,Topwear,Tshirts,Tshirts + product name contains Polo
FP018927,18927,Levi's Men Flock Print Purple Tshirt,,Clothing,T-Shirt,Men,Purple,,images/FP018927.jpg,Product: Levi's Men Flock Print Purple Tshirt. Category: Clothing. Subcategory: T-Shirt. Gender: Men. Color: Purple.,Fashion Product Images Small,Apparel,Topwear,Tshirts,Tshirts
FP018961,18961,United Colors of Benetton Women Solid Grey Jacket,,Clothing,Jacket,Women,Grey,,images/FP018961.jpg,Product: United Colors of Benetton Women Solid Grey Jacket. Category: Clothing. Subcategory: Jacket. Gender: Women. Color: Grey.,Fashion Product Images Small,Apparel,Topwear,Jackets,Exact articleType: Jackets
FP018963,18963,United Colors of Benetton Women Solid Black Sweatshirt,,Clothing,Sweatshirt,Women,Black,,images/FP018963.jpg,Product: United Colors of Benetton Women Solid Black Sweatshirt. Category: Clothing. Subcategory: Sweatshirt. Gender: Women. Color: Black.,Fashion Product Images Small,Apparel,Topwear,Sweatshirts,Exact articleType: Sweatshirts
FP018964,18964,United Colors of Benetton Women Solid Dark Grey Sweatshirt,,Clothing,Sweatshirt,Women,Grey,,images/FP018964.jpg,Product: United Colors of Benetton Women Solid Dark Grey Sweatshirt. Category: Clothing. Subcategory: Sweatshirt. Gender: Women. Color: Grey.,Fashion Product Images Small,Apparel,Topwear,Sweatshirts,Exact articleType: Sweatshirts
FP018985,18985,ADIDAS Originals Men ST FB Track Top White Jacket,,Clothing,Jacket,Men,White,,images/FP018985.jpg,Product: ADIDAS Originals Men ST FB Track Top White Jacket. Category: Clothing. Subcategory: Jacket. Gender: Men. Color: White.,Fashion Product Images Small,Apparel,Topwear,Jackets,Exact articleType: Jackets
FP018999,18999,ADIDAS Originals Men Adi Firebird TT Black Jacket,,Clothing,Jacket,Men,Black,,images/FP018999.jpg,Product: ADIDAS Originals Men Adi Firebird TT Black Jacket. Category: Clothing. Subcategory: Jacket. Gender: Men. Color: Black.,Fashion Product Images Small,Apparel,Topwear,Jackets,Exact articleType: Jackets
FP019004,19004,ADIDAS Originals Women Firebird Red Jacket,,Clothing,Jacket,Women,Red,,images/FP019004.jpg,Product: ADIDAS Originals Women Firebird Red Jacket. Category: Clothing. Subcategory: Jacket. Gender: Women. Color: Red.,Fashion Product Images Small,Apparel,Topwear,Jackets,Exact articleType: Jackets
FP019005,19005,ADIDAS Originals Women F Sleek Trf Grey Sweatshirt,,Clothing,Sweatshirt,Women,Grey,,images/FP019005.jpg,Product: ADIDAS Originals Women F Sleek Trf Grey Sweatshirt. Category: Clothing. Subcategory: Sweatshirt. Gender: Women. Color: Grey.,Fashion Product Images Small,Apparel,Topwear,Sweatshirts,Exact articleType: Sweatshirts
FP019009,19009,ADIDAS Originals Women F Night Logo TT White Jacket,,Clothing,Jacket,Women,White,,images/FP019009.jpg,Product: ADIDAS Originals Women F Night Logo TT White Jacket. Category: Clothing. Subcategory: Jacket. Gender: Women. Color: White.,Fashion Product Images Small,Apparel,Topwear,Jackets,Exact articleType: Jackets
FP019015,19015,ADIDAS Originals Women G Trf Graph Pink T-Shirt,,Clothing,T-Shirt,Women,Pink,,images/FP019015.jpg,Product: ADIDAS Originals Women G Trf Graph Pink T-Shirt. Category: Clothing. Subcategory: T-Shirt. Gender: Women. Color: Pink.,Fashion Product Images Small,Apparel,Topwear,Tshirts,Tshirts
FP019112,19112,Campbell Men Pack of 3 Solid Tshirts,,Clothing,T-Shirt,Men,Grey,,images/FP019112.jpg,Product: Campbell Men Pack of 3 Solid Tshirts. Category: Clothing. Subcategory: T-Shirt. Gender: Men. Color: Grey.,Fashion Product Images Small,Apparel,Topwear,Tshirts,Tshirts
FP019115,19115,Campbell Men Pack of 3 Solid Tshirts,,Clothing,T-Shirt,Men,White,,images/FP019115.jpg,Product: Campbell Men Pack of 3 Solid Tshirts. Category: Clothing. Subcategory: T-Shirt. Gender: Men. Color: White.,Fashion Product Images Small,Apparel,Topwear,Tshirts,Tshirts
FP019141,19141,Lotto Men Revorb Black Sandals,,Shoes,Sandals,Men,Black,,images/FP019141.jpg,Product: Lotto Men Revorb Black Sandals. Category: Shoes. Subcategory: Sandals. Gender: Men. Color: Black.,Fashion Product Images Small,Footwear,Sandal,Sandals,Exact articleType: Sandals
FP019145,19145,United Colors of Benetton Men Solid Red SweatShirt,,Clothing,Sweatshirt,Men,Red,,images/FP019145.jpg,Product: United Colors of Benetton Men Solid Red SweatShirt. Category: Clothing. Subcategory: Sweatshirt. Gender: Men. Color: Red.,Fashion Product Images Small,Apparel,Topwear,Sweatshirts,Exact articleType: Sweatshirts
FP019146,19146,United Colors of Benetton Men Solid Grey Sweatshirt,,Clothing,Sweatshirt,Men,Grey,,images/FP019146.jpg,Product: United Colors of Benetton Men Solid Grey Sweatshirt. Category: Clothing. Subcategory: Sweatshirt. Gender: Men. Color: Grey.,Fashion Product Images Small,Apparel,Topwear,Sweatshirts,Exact articleType: Sweatshirts
FP019147,19147,United Colors of Benetton Men Solid White Polo Tshirt,,Clothing,Polo,Men,White,,images/FP019147.jpg,Product: United Colors of Benetton Men Solid White Polo Tshirt. Category: Clothing. Subcategory: Polo. Gender: Men. Color: White.,Fashion Product Images Small,Apparel,Topwear,Tshirts,Tshirts + product name contains Polo
FP019241,19241,Puma Men Lifestyle Track Black Jacket,,Clothing,Jacket,Men,Black,,images/FP019241.jpg,Product: Puma Men Lifestyle Track Black Jacket. Category: Clothing. Subcategory: Jacket. Gender: Men. Color: Black.,Fashion Product Images Small,Apparel,Topwear,Jackets,Exact articleType: Jackets
FP019245,19245,Puma Men Tech Graphic Hooded Jacket,,Clothing,Jacket,Men,Blue,,images/FP019245.jpg,Product: Puma Men Tech Graphic Hooded Jacket. Category: Clothing. Subcategory: Jacket. Gender: Men. Color: Blue.,Fashion Product Images Small,Apparel,Topwear,Jackets,Exact articleType: Jackets
FP019321,19321,Myntra Men Solid Grey Sweatshirt,,Clothing,Sweatshirt,Men,Grey,,images/FP019321.jpg,Product: Myntra Men Solid Grey Sweatshirt. Category: Clothing. Subcategory: Sweatshirt. Gender: Men. Color: Grey.,Fashion Product Images Small,Apparel,Topwear,Sweatshirts,Exact articleType: Sweatshirts
FP019325,19325,Myntra Men Solid Grey Sweatshirt,,Clothing,Sweatshirt,Men,Grey,,images/FP019325.jpg,Product: Myntra Men Solid Grey Sweatshirt. Category: Clothing. Subcategory: Sweatshirt. Gender: Men. Color: Grey.,Fashion Product Images Small,Apparel,Topwear,Sweatshirts,Exact articleType: Sweatshirts
FP019333,19333,United Colors of Benetton Women Solid Navy Blue Jacket,,Clothing,Jacket,Women,Navy Blue,,images/FP019333.jpg,Product: United Colors of Benetton Women Solid Navy Blue Jacket. Category: Clothing. Subcategory: Jacket. Gender: Women. Color: Navy Blue.,Fashion Product Images Small,Apparel,Topwear,Jackets,Exact articleType: Jackets
FP019334,19334,United Colors of Benetton Men Check Maroon Jacket,,Clothing,Jacket,Men,Maroon,,images/FP019334.jpg,Product: United Colors of Benetton Men Check Maroon Jacket. Category: Clothing. Subcategory: Jacket. Gender: Men. Color: Maroon.,Fashion Product Images Small,Apparel,Topwear,Jackets,Exact articleType: Jackets
FP019336,19336,United Colors of Benetton Men Solid Grey Jacket,,Clothing,Jacket,Men,Grey,,images/FP019336.jpg,Product: United Colors of Benetton Men Solid Grey Jacket. Category: Clothing. Subcategory: Jacket. Gender: Men. Color: Grey.,Fashion Product Images Small,Apparel,Topwear,Jackets,Exact articleType: Jackets
FP019339,19339,United Colors of Benetton Men Solid Black Jacket,,Clothing,Jacket,Men,Black,,images/FP019339.jpg,Product: United Colors of Benetton Men Solid Black Jacket. Category: Clothing. Subcategory: Jacket. Gender: Men. Color: Black.,Fashion Product Images Small,Apparel,Topwear,Jackets,Exact articleType: Jackets
FP019340,19340,United Colors of Benetton Men Solid Black Jacket,,Clothing,Jacket,Men,Black,,images/FP019340.jpg,Product: United Colors of Benetton Men Solid Black Jacket. Category: Clothing. Subcategory: Jacket. Gender: Men. Color: Black.,Fashion Product Images Small,Apparel,Topwear,Jackets,Exact articleType: Jackets
FP019341,19341,United Colors of Benetton Men Solid Grey Blazer Jacket,,Clothing,Jacket,Men,Grey,,images/FP019341.jpg,Product: United Colors of Benetton Men Solid Grey Blazer Jacket. Category: Clothing. Subcategory: Jacket. Gender: Men. Color: Grey.,Fashion Product Images Small,Apparel,Topwear,Jackets,Exact articleType: Jackets
FP019349,19349,Numero Uno Men Fashion Black Sports Shoes,,Shoes,Sports Shoes,Men,Black,,images/FP019349.jpg,Product: Numero Uno Men Fashion Black Sports Shoes. Category: Shoes. Subcategory: Sports Shoes. Gender: Men. Color: Black.,Fashion Product Images Small,Footwear,Shoes,Sports Shoes,Exact articleType: Sports Shoes
FP019387,19387,ADIDAS Men Dumont Beige Sports Shoes,,Shoes,Sports Shoes,Men,Beige,,images/FP019387.jpg,Product: ADIDAS Men Dumont Beige Sports Shoes. Category: Shoes. Subcategory: Sports Shoes. Gender: Men. Color: Beige.,Fashion Product Images Small,Footwear,Shoes,Sports Shoes,Exact articleType: Sports Shoes
FP019445,19445,Quiksilver Men Grey Printed T-shirt,,Clothing,T-Shirt,Men,Grey,,images/FP019445.jpg,Product: Quiksilver Men Grey Printed T-shirt. Category: Clothing. Subcategory: T-Shirt. Gender: Men. Color: Grey.,Fashion Product Images Small,Apparel,Topwear,Tshirts,Tshirts
FP019475,19475,Quiksilver Men Navy Blue Nautical Sweatshirt,,Clothing,Sweatshirt,Men,Navy Blue,,images/FP019475.jpg,Product: Quiksilver Men Navy Blue Nautical Sweatshirt. Category: Clothing. Subcategory: Sweatshirt. Gender: Men. Color: Navy Blue.,Fashion Product Images Small,Apparel,Topwear,Sweatshirts,Exact articleType: Sweatshirts
FP019476,19476,Quiksilver Men Black Casual Sweatshirt,,Clothing,Sweatshirt,Men,Black,,images/FP019476.jpg,Product: Quiksilver Men Black Casual Sweatshirt. Category: Clothing. Subcategory: Sweatshirt. Gender: Men. Color: Black.,Fashion Product Images Small,Apparel,Topwear,Sweatshirts,Exact articleType: Sweatshirts
FP019477,19477,Quiksilver Men Casual Blue Jacket,,Clothing,Jacket,Men,Blue,,images/FP019477.jpg,Product: Quiksilver Men Casual Blue Jacket. Category: Clothing. Subcategory: Jacket. Gender: Men. Color: Blue.,Fashion Product Images Small,Apparel,Topwear,Jackets,Exact articleType: Jackets
FP019482,19482,Puma Men GP Buddh Logo Polo Navy Blue Tshirts,,Clothing,Polo,Men,Navy Blue,,images/FP019482.jpg,Product: Puma Men GP Buddh Logo Polo Navy Blue Tshirts. Category: Clothing. Subcategory: Polo. Gender: Men. Color: Navy Blue.,Fashion Product Images Small,Apparel,Topwear,Tshirts,Tshirts + product name contains Polo
FP019552,19552,United Colors of Benetton Men Solid Purple SweatShirt,,Clothing,Sweatshirt,Men,Purple,,images/FP019552.jpg,Product: United Colors of Benetton Men Solid Purple SweatShirt. Category: Clothing. Subcategory: Sweatshirt. Gender: Men. Color: Purple.,Fashion Product Images Small,Apparel,Topwear,Sweatshirts,Exact articleType: Sweatshirts
FP019638,19638,United Colors of Benetton Women Solid Blue Sweatshirt,,Clothing,Sweatshirt,Women,Blue,,images/FP019638.jpg,Product: United Colors of Benetton Women Solid Blue Sweatshirt. Category: Clothing. Subcategory: Sweatshirt. Gender: Women. Color: Blue.,Fashion Product Images Small,Apparel,Topwear,Sweatshirts,Exact articleType: Sweatshirts
FP019639,19639,United Colors of Benetton Women Solid Olive Sweatshirt,,Clothing,Sweatshirt,Women,Olive,,images/FP019639.jpg,Product: United Colors of Benetton Women Solid Olive Sweatshirt. Category: Clothing. Subcategory: Sweatshirt. Gender: Women. Color: Olive.,Fashion Product Images Small,Apparel,Topwear,Sweatshirts,Exact articleType: Sweatshirts
FP019661,19661,United Colors of Benetton Men Printed Black Sweatshirt,,Clothing,Sweatshirt,Men,Black,,images/FP019661.jpg,Product: United Colors of Benetton Men Printed Black Sweatshirt. Category: Clothing. Subcategory: Sweatshirt. Gender: Men. Color: Black.,Fashion Product Images Small,Apparel,Topwear,Sweatshirts,Exact articleType: Sweatshirts
FP019668,19668,United Colors of Benetton Men Blue Printed Sweatshirt,,Clothing,Sweatshirt,Men,Blue,,images/FP019668.jpg,Product: United Colors of Benetton Men Blue Printed Sweatshirt. Category: Clothing. Subcategory: Sweatshirt. Gender: Men. Color: Blue.,Fashion Product Images Small,Apparel,Topwear,Sweatshirts,Exact articleType: Sweatshirts
FP019670,19670,United Colors of Benetton Women Solid Olive T-shirt,,Clothing,T-Shirt,Women,Olive,,images/FP019670.jpg,Product: United Colors of Benetton Women Solid Olive T-shirt. Category: Clothing. Subcategory: T-Shirt. Gender: Women. Color: Olive.,Fashion Product Images Small,Apparel,Topwear,Tshirts,Tshirts
FP019682,19682,United Colors of Benetton Women Purple Sweatshirt,,Clothing,Sweatshirt,Women,Purple,,images/FP019682.jpg,Product: United Colors of Benetton Women Purple Sweatshirt. Category: Clothing. Subcategory: Sweatshirt. Gender: Women. Color: Purple.,Fashion Product Images Small,Apparel,Topwear,Sweatshirts,Exact articleType: Sweatshirts
FP019807,19807,U.S. Polo Assn. Men Solid White Tshirt,,Clothing,T-Shirt,Men,White,,images/FP019807.jpg,Product: U.S. Polo Assn. Men Solid White Tshirt. Category: Clothing. Subcategory: T-Shirt. Gender: Men. Color: White.,Fashion Product Images Small,Apparel,Topwear,Tshirts,Tshirts + Polo token appears to be brand-related; review
FP019810,19810,U.S. Polo Assn. Men Stripes Purple Sweatshirt,,Clothing,Sweatshirt,Men,Purple,,images/FP019810.jpg,Product: U.S. Polo Assn. Men Stripes Purple Sweatshirt. Category: Clothing. Subcategory: Sweatshirt. Gender: Men. Color: Purple.,Fashion Product Images Small,Apparel,Topwear,Sweatshirts,Exact articleType: Sweatshirts
FP019812,19812,U.S. Polo Assn. Men Solid Navy Blue Sweatshirt,,Clothing,Sweatshirt,Men,Navy Blue,,images/FP019812.jpg,Product: U.S. Polo Assn. Men Solid Navy Blue Sweatshirt. Category: Clothing. Subcategory: Sweatshirt. Gender: Men. Color: Navy Blue.,Fashion Product Images Small,Apparel,Topwear,Sweatshirts,Exact articleType: Sweatshirts
FP019813,19813,U.S. Polo Assn. Men Solid Green Sweatshirt,,Clothing,Sweatshirt,Men,Green,,images/FP019813.jpg,Product: U.S. Polo Assn. Men Solid Green Sweatshirt. Category: Clothing. Subcategory: Sweatshirt. Gender: Men. Color: Green.,Fashion Product Images Small,Apparel,Topwear,Sweatshirts,Exact articleType: Sweatshirts
FP019814,19814,U.S. Polo Assn. Men Solid Red Sweatshirt,,Clothing,Sweatshirt,Men,Red,,images/FP019814.jpg,Product: U.S. Polo Assn. Men Solid Red Sweatshirt. Category: Clothing. Subcategory: Sweatshirt. Gender: Men. Color: Red.,Fashion Product Images Small,Apparel,Topwear,Sweatshirts,Exact articleType: Sweatshirts
FP019855,19855,U.S. Polo Assn. Men Solid Navy Blue Jackets,,Clothing,Jacket,Men,Navy Blue,,images/FP019855.jpg,Product: U.S. Polo Assn. Men Solid Navy Blue Jackets. Category: Clothing. Subcategory: Jacket. Gender: Men. Color: Navy Blue.,Fashion Product Images Small,Apparel,Topwear,Jackets,Exact articleType: Jackets
FP019856,19856,U.S. Polo Assn. Men Solid Olive Jackets,,Clothing,Jacket,Men,Olive,,images/FP019856.jpg,Product: U.S. Polo Assn. Men Solid Olive Jackets. Category: Clothing. Subcategory: Jacket. Gender: Men. Color: Olive.,Fashion Product Images Small,Apparel,Topwear,Jackets,Exact articleType: Jackets
FP019858,19858,U.S. Polo Assn. Men Solid Black Jacket,,Clothing,Jacket,Men,Black,,images/FP019858.jpg,Product: U.S. Polo Assn. Men Solid Black Jacket. Category: Clothing. Subcategory: Jacket. Gender: Men. Color: Black.,Fashion Product Images Small,Apparel,Topwear,Jackets,Exact articleType: Jackets
FP019862,19862,ADIDAS Men Diego Grey Running Sports Shoe,,Shoes,Sports Shoes,Men,Grey,,images/FP019862.jpg,Product: ADIDAS Men Diego Grey Running Sports Shoe. Category: Shoes. Subcategory: Sports Shoes. Gender: Men. Color: Grey.,Fashion Product Images Small,Footwear,Shoes,Sports Shoes,Exact articleType: Sports Shoes
FP019940,19940,Nike Men Nike Capri II  Black Casual Shoes,,Shoes,Casual Shoes,Men,Black,,images/FP019940.jpg,Product: Nike Men Nike Capri II  Black Casual Shoes. Category: Shoes. Subcategory: Casual Shoes. Gender: Men. Color: Black.,Fashion Product Images Small,Footwear,Shoes,Casual Shoes,Exact articleType: Casual Shoes
FP019949,19949,Puma Men Solid Purple Sweatshirt,,Clothing,Sweatshirt,Men,Purple,,images/FP019949.jpg,Product: Puma Men Solid Purple Sweatshirt. Category: Clothing. Subcategory: Sweatshirt. Gender: Men. Color: Purple.,Fashion Product Images Small,Apparel,Topwear,Sweatshirts,Exact articleType: Sweatshirts
FP020198,20198,Wrangler Men North Carolina Blue Sweatshirt,,Clothing,Sweatshirt,Men,Blue,,images/FP020198.jpg,Product: Wrangler Men North Carolina Blue Sweatshirt. Category: Clothing. Subcategory: Sweatshirt. Gender: Men. Color: Blue.,Fashion Product Images Small,Apparel,Topwear,Sweatshirts,Exact articleType: Sweatshirts
FP020203,20203,Wrangler Men Flock Print Black Sweatshirt,,Clothing,Sweatshirt,Men,Black,,images/FP020203.jpg,Product: Wrangler Men Flock Print Black Sweatshirt. Category: Clothing. Subcategory: Sweatshirt. Gender: Men. Color: Black.,Fashion Product Images Small,Apparel,Topwear,Sweatshirts,Exact articleType: Sweatshirts
FP020213,20213,Wrangler Women American Brown Sweatshirt,,Clothing,Sweatshirt,Women,Brown,,images/FP020213.jpg,Product: Wrangler Women American Brown Sweatshirt. Category: Clothing. Subcategory: Sweatshirt. Gender: Women. Color: Brown.,Fashion Product Images Small,Apparel,Topwear,Sweatshirts,Exact articleType: Sweatshirts
FP020249,20249,Wrangler Women  Freedom Purple T-shirt,,Clothing,T-Shirt,Women,Purple,,images/FP020249.jpg,Product: Wrangler Women  Freedom Purple T-shirt. Category: Clothing. Subcategory: T-Shirt. Gender: Women. Color: Purple.,Fashion Product Images Small,Apparel,Topwear,Tshirts,Tshirts
FP020255,20255,Wrangler Men Tee Blue T-shirt,,Clothing,T-Shirt,Men,Blue,,images/FP020255.jpg,Product: Wrangler Men Tee Blue T-shirt. Category: Clothing. Subcategory: T-Shirt. Gender: Men. Color: Blue.,Fashion Product Images Small,Apparel,Topwear,Tshirts,Tshirts
FP020337,20337,Nike Men Solid Red Sweatshirt,,Clothing,Sweatshirt,Men,Red,,images/FP020337.jpg,Product: Nike Men Solid Red Sweatshirt. Category: Clothing. Subcategory: Sweatshirt. Gender: Men. Color: Red.,Fashion Product Images Small,Apparel,Topwear,Sweatshirts,Exact articleType: Sweatshirts
FP020341,20341,Proline Men Solid Grey Sweatshirt,,Clothing,Sweatshirt,Men,Grey,,images/FP020341.jpg,Product: Proline Men Solid Grey Sweatshirt. Category: Clothing. Subcategory: Sweatshirt. Gender: Men. Color: Grey.,Fashion Product Images Small,Apparel,Topwear,Sweatshirts,Exact articleType: Sweatshirts
FP020343,20343,Puma Men Printed Black Tshirt,,Clothing,T-Shirt,Men,Black,,images/FP020343.jpg,Product: Puma Men Printed Black Tshirt. Category: Clothing. Subcategory: T-Shirt. Gender: Men. Color: Black.,Fashion Product Images Small,Apparel,Topwear,Tshirts,Tshirts
FP020378,20378,Urban Yoga Women Printed Black Sweatshirt,,Clothing,Sweatshirt,Women,Black,,images/FP020378.jpg,Product: Urban Yoga Women Printed Black Sweatshirt. Category: Clothing. Subcategory: Sweatshirt. Gender: Women. Color: Black.,Fashion Product Images Small,Apparel,Topwear,Sweatshirts,Exact articleType: Sweatshirts
FP020381,20381,Urban Yoga Men Printed Purple Tshirt,,Clothing,T-Shirt,Men,Purple,,images/FP020381.jpg,Product: Urban Yoga Men Printed Purple Tshirt. Category: Clothing. Subcategory: T-Shirt. Gender: Men. Color: Purple.,Fashion Product Images Small,Apparel,Topwear,Tshirts,Tshirts
FP020785,20785,Classic Polo Men Striped White Sweatshirt,,Clothing,Sweatshirt,Men,White,,images/FP020785.jpg,Product: Classic Polo Men Striped White Sweatshirt. Category: Clothing. Subcategory: Sweatshirt. Gender: Men. Color: White.,Fashion Product Images Small,Apparel,Topwear,Sweatshirts,Exact articleType: Sweatshirts
FP020786,20786,Classic Polo Men Striped White Sweatshirt,,Clothing,Sweatshirt,Men,White,,images/FP020786.jpg,Product: Classic Polo Men Striped White Sweatshirt. Category: Clothing. Subcategory: Sweatshirt. Gender: Men. Color: White.,Fashion Product Images Small,Apparel,Topwear,Sweatshirts,Exact articleType: Sweatshirts
FP020792,20792,Basics Men Beige Blazer Jacket,,Clothing,Jacket,Men,Beige,,images/FP020792.jpg,Product: Basics Men Beige Blazer Jacket. Category: Clothing. Subcategory: Jacket. Gender: Men. Color: Beige.,Fashion Product Images Small,Apparel,Topwear,Jackets,Exact articleType: Jackets
FP020807,20807,Fila Men DNA Tech Blue Sports Shoes,,Shoes,Sports Shoes,Men,Blue,,images/FP020807.jpg,Product: Fila Men DNA Tech Blue Sports Shoes. Category: Shoes. Subcategory: Sports Shoes. Gender: Men. Color: Blue.,Fashion Product Images Small,Footwear,Shoes,Sports Shoes,Exact articleType: Sports Shoes
FP020813,20813,Red Tape Men Casual Brown Shoes,,Shoes,Casual Shoes,Men,Brown,,images/FP020813.jpg,Product: Red Tape Men Casual Brown Shoes. Category: Shoes. Subcategory: Casual Shoes. Gender: Men. Color: Brown.,Fashion Product Images Small,Footwear,Shoes,Casual Shoes,Exact articleType: Casual Shoes
FP020868,20868,Fila Men Stradd White Casual Shoes,,Shoes,Casual Shoes,Men,White,,images/FP020868.jpg,Product: Fila Men Stradd White Casual Shoes. Category: Shoes. Subcategory: Casual Shoes. Gender: Men. Color: White.,Fashion Product Images Small,Footwear,Shoes,Casual Shoes,Exact articleType: Casual Shoes
FP021147,21147,s.Oliver Women Grey Hooded Sweatshirt,,Clothing,Sweatshirt,Women,Grey,,images/FP021147.jpg,Product: s.Oliver Women Grey Hooded Sweatshirt. Category: Clothing. Subcategory: Sweatshirt. Gender: Women. Color: Grey.,Fashion Product Images Small,Apparel,Topwear,Sweatshirts,Exact articleType: Sweatshirts
FP021426,21426,Roxy Women Pink T-shirt,,Clothing,T-Shirt,Women,Pink,,images/FP021426.jpg,Product: Roxy Women Pink T-shirt. Category: Clothing. Subcategory: T-Shirt. Gender: Women. Color: Pink.,Fashion Product Images Small,Apparel,Topwear,Tshirts,Tshirts
FP021569,21569,Numero Uno Men Casual Black Shoes,,Shoes,Casual Shoes,Men,Black,,images/FP021569.jpg,Product: Numero Uno Men Casual Black Shoes. Category: Shoes. Subcategory: Casual Shoes. Gender: Men. Color: Black.,Fashion Product Images Small,Footwear,Shoes,Casual Shoes,Exact articleType: Casual Shoes
FP021725,21725,ADIDAS Men Navy Blue Sweatshirt,,Clothing,Sweatshirt,Men,Navy Blue,,images/FP021725.jpg,Product: ADIDAS Men Navy Blue Sweatshirt. Category: Clothing. Subcategory: Sweatshirt. Gender: Men. Color: Navy Blue.,Fashion Product Images Small,Apparel,Topwear,Sweatshirts,Exact articleType: Sweatshirts
FP022092,22092,Numero Uno Men Casual Black Shoes,,Shoes,Casual Shoes,Men,Black,,images/FP022092.jpg,Product: Numero Uno Men Casual Black Shoes. Category: Shoes. Subcategory: Casual Shoes. Gender: Men. Color: Black.,Fashion Product Images Small,Footwear,Shoes,Casual Shoes,Exact articleType: Casual Shoes
FP022102,22102,Flying Machine Men Grey Casual Shoes,,Shoes,Casual Shoes,Men,Grey,,images/FP022102.jpg,Product: Flying Machine Men Grey Casual Shoes. Category: Shoes. Subcategory: Casual Shoes. Gender: Men. Color: Grey.,Fashion Product Images Small,Footwear,Shoes,Casual Shoes,Exact articleType: Casual Shoes
FP022110,22110,Reebok Men Active  Navy Blue Sports Shoes,,Shoes,Sports Shoes,Men,Navy Blue,,images/FP022110.jpg,Product: Reebok Men Active  Navy Blue Sports Shoes. Category: Shoes. Subcategory: Sports Shoes. Gender: Men. Color: Navy Blue.,Fashion Product Images Small,Footwear,Shoes,Sports Shoes,Exact articleType: Sports Shoes
FP022153,22153,Lee Cooper Men Brown Casual Sandals,,Shoes,Sandals,Men,Brown,,images/FP022153.jpg,Product: Lee Cooper Men Brown Casual Sandals. Category: Shoes. Subcategory: Sandals. Gender: Men. Color: Brown.,Fashion Product Images Small,Footwear,Sandal,Sandals,Exact articleType: Sandals
FP022157,22157,Lee Cooper Men Black Casual Shoes,,Shoes,Casual Shoes,Men,Black,,images/FP022157.jpg,Product: Lee Cooper Men Black Casual Shoes. Category: Shoes. Subcategory: Casual Shoes. Gender: Men. Color: Black.,Fashion Product Images Small,Footwear,Shoes,Casual Shoes,Exact articleType: Casual Shoes
FP022163,22163,Timberland Men Navy Blue Casual Shoes,,Shoes,Casual Shoes,Men,Navy Blue,,images/FP022163.jpg,Product: Timberland Men Navy Blue Casual Shoes. Category: Shoes. Subcategory: Casual Shoes. Gender: Men. Color: Navy Blue.,Fashion Product Images Small,Footwear,Shoes,Casual Shoes,Exact articleType: Casual Shoes
FP022183,22183,Timberland Men Brown Casual Shoes,,Shoes,Casual Shoes,Men,Brown,,images/FP022183.jpg,Product: Timberland Men Brown Casual Shoes. Category: Shoes. Subcategory: Casual Shoes. Gender: Men. Color: Brown.,Fashion Product Images Small,Footwear,Shoes,Casual Shoes,Exact articleType: Casual Shoes
FP022202,22202,Timberland Men Bonded Fleece Full Zip Blue Jacket,,Clothing,Jacket,Men,Blue,,images/FP022202.jpg,Product: Timberland Men Bonded Fleece Full Zip Blue Jacket. Category: Clothing. Subcategory: Jacket. Gender: Men. Color: Blue.,Fashion Product Images Small,Apparel,Topwear,Jackets,Exact articleType: Jackets
FP022215,22215,Little Miss Women Funny Blue T-shirt,,Clothing,T-Shirt,Women,Blue,,images/FP022215.jpg,Product: Little Miss Women Funny Blue T-shirt. Category: Clothing. Subcategory: T-Shirt. Gender: Women. Color: Blue.,Fashion Product Images Small,Apparel,Topwear,Tshirts,Tshirts
FP022244,22244,ID Men Blue Casual Shoes,,Shoes,Casual Shoes,Men,Blue,,images/FP022244.jpg,Product: ID Men Blue Casual Shoes. Category: Shoes. Subcategory: Casual Shoes. Gender: Men. Color: Blue.,Fashion Product Images Small,Footwear,Shoes,Casual Shoes,Exact articleType: Casual Shoes
FP022245,22245,ID Men Brown Casual Shoes,,Shoes,Casual Shoes,Men,Brown,,images/FP022245.jpg,Product: ID Men Brown Casual Shoes. Category: Shoes. Subcategory: Casual Shoes. Gender: Men. Color: Brown.,Fashion Product Images Small,Footwear,Shoes,Casual Shoes,Exact articleType: Casual Shoes
FP022252,22252,ID Men Blue Casual Shoes,,Shoes,Casual Shoes,Men,Blue,,images/FP022252.jpg,Product: ID Men Blue Casual Shoes. Category: Shoes. Subcategory: Casual Shoes. Gender: Men. Color: Blue.,Fashion Product Images Small,Footwear,Shoes,Casual Shoes,Exact articleType: Casual Shoes
FP022312,22312,Wildcraft Men Solid Black Jacket,,Clothing,Jacket,Men,Black,,images/FP022312.jpg,Product: Wildcraft Men Solid Black Jacket. Category: Clothing. Subcategory: Jacket. Gender: Men. Color: Black.,Fashion Product Images Small,Apparel,Topwear,Jackets,Exact articleType: Jackets
FP022332,22332,John Players Men Solid Maroon Polo T-Shirt,,Clothing,Polo,Men,Maroon,,images/FP022332.jpg,Product: John Players Men Solid Maroon Polo T-Shirt. Category: Clothing. Subcategory: Polo. Gender: Men. Color: Maroon.,Fashion Product Images Small,Apparel,Topwear,Tshirts,Tshirts + product name contains Polo
FP022347,22347,John Players Men Printed Green Polo T-Shirt,,Clothing,Polo,Men,Green,,images/FP022347.jpg,Product: John Players Men Printed Green Polo T-Shirt. Category: Clothing. Subcategory: Polo. Gender: Men. Color: Green.,Fashion Product Images Small,Apparel,Topwear,Tshirts,Tshirts + product name contains Polo
FP022364,22364,ADIDAS Men Hooded  Blue SweatShirt,,Clothing,Sweatshirt,Men,Blue,,images/FP022364.jpg,Product: ADIDAS Men Hooded  Blue SweatShirt. Category: Clothing. Subcategory: Sweatshirt. Gender: Men. Color: Blue.,Fashion Product Images Small,Apparel,Topwear,Sweatshirts,Exact articleType: Sweatshirts
FP022489,22489,ADIDAS Men F10 Trx HG White Sports Shoes,,Shoes,Sports Shoes,Men,White,,images/FP022489.jpg,Product: ADIDAS Men F10 Trx HG White Sports Shoes. Category: Shoes. Subcategory: Sports Shoes. Gender: Men. Color: White.,Fashion Product Images Small,Footwear,Shoes,Sports Shoes,Exact articleType: Sports Shoes
FP022492,22492,ADIDAS Women Duramo Luxury 3 Sports Shoes,,Shoes,Sports Shoes,Women,White,,images/FP022492.jpg,Product: ADIDAS Women Duramo Luxury 3 Sports Shoes. Category: Shoes. Subcategory: Sports Shoes. Gender: Women. Color: White.,Fashion Product Images Small,Footwear,Shoes,Sports Shoes,Exact articleType: Sports Shoes
FP022501,22501,Catwalk Women Beige Casual Shoes,,Shoes,Casual Shoes,Women,Beige,,images/FP022501.jpg,Product: Catwalk Women Beige Casual Shoes. Category: Shoes. Subcategory: Casual Shoes. Gender: Women. Color: Beige.,Fashion Product Images Small,Footwear,Shoes,Casual Shoes,Exact articleType: Casual Shoes
FP022579,22579,Nike Women Black Sweatshirt,,Clothing,Sweatshirt,Women,Black,,images/FP022579.jpg,Product: Nike Women Black Sweatshirt. Category: Clothing. Subcategory: Sweatshirt. Gender: Women. Color: Black.,Fashion Product Images Small,Apparel,Topwear,Sweatshirts,Exact articleType: Sweatshirts
FP022612,22612,Nike Men Black Jersey,,Clothing,T-Shirt,Men,Black,,images/FP022612.jpg,Product: Nike Men Black Jersey. Category: Clothing. Subcategory: T-Shirt. Gender: Men. Color: Black.,Fashion Product Images Small,Apparel,Topwear,Tshirts,Tshirts
FP022613,22613,Nike Men Grey T-shirt,,Clothing,T-Shirt,Men,Grey,,images/FP022613.jpg,Product: Nike Men Grey T-shirt. Category: Clothing. Subcategory: T-Shirt. Gender: Men. Color: Grey.,Fashion Product Images Small,Apparel,Topwear,Tshirts,Tshirts
FP022691,22691,Nike Women White Sweet Classic Leather Sports Shoes,,Shoes,Sports Shoes,Women,White,,images/FP022691.jpg,Product: Nike Women White Sweet Classic Leather Sports Shoes. Category: Shoes. Subcategory: Sports Shoes. Gender: Women. Color: White.,Fashion Product Images Small,Footwear,Shoes,Sports Shoes,Exact articleType: Sports Shoes
FP022721,22721,Nike Men Brown Flyclave LTR Casual Shoe,,Shoes,Casual Shoes,Men,Brown,,images/FP022721.jpg,Product: Nike Men Brown Flyclave LTR Casual Shoe. Category: Shoes. Subcategory: Casual Shoes. Gender: Men. Color: Brown.,Fashion Product Images Small,Footwear,Shoes,Casual Shoes,Exact articleType: Casual Shoes
FP022723,22723,Nike Men Toki Canvas Red Casual Shoes,,Shoes,Casual Shoes,Men,Red,,images/FP022723.jpg,Product: Nike Men Toki Canvas Red Casual Shoes. Category: Shoes. Subcategory: Casual Shoes. Gender: Men. Color: Red.,Fashion Product Images Small,Footwear,Shoes,Casual Shoes,Exact articleType: Casual Shoes
FP022732,22732,Nike Men Air Max Conquer ACG Olive Sports Boot,,Shoes,Sports Shoes,Men,Olive,,images/FP022732.jpg,Product: Nike Men Air Max Conquer ACG Olive Sports Boot. Category: Shoes. Subcategory: Sports Shoes. Gender: Men. Color: Olive.,Fashion Product Images Small,Footwear,Shoes,Sports Shoes,Exact articleType: Sports Shoes
FP022733,22733,Nike Men Dunk High Grey Casual Shoes,,Shoes,Casual Shoes,Men,Grey,,images/FP022733.jpg,Product: Nike Men Dunk High Grey Casual Shoes. Category: Shoes. Subcategory: Casual Shoes. Gender: Men. Color: Grey.,Fashion Product Images Small,Footwear,Shoes,Casual Shoes,Exact articleType: Casual Shoes
FP022815,22815,Woodland Men Brown Casual Shoes,,Shoes,Casual Shoes,Men,Brown,,images/FP022815.jpg,Product: Woodland Men Brown Casual Shoes. Category: Shoes. Subcategory: Casual Shoes. Gender: Men. Color: Brown.,Fashion Product Images Small,Footwear,Shoes,Casual Shoes,Exact articleType: Casual Shoes
FP022820,22820,Woodland Men Khaki Shoes,,Shoes,Casual Shoes,Men,Khaki,,images/FP022820.jpg,Product: Woodland Men Khaki Shoes. Category: Shoes. Subcategory: Casual Shoes. Gender: Men. Color: Khaki.,Fashion Product Images Small,Footwear,Shoes,Casual Shoes,Exact articleType: Casual Shoes
FP022847,22847,Woodland Men Camel Casual Shoes,,Shoes,Casual Shoes,Men,Brown,,images/FP022847.jpg,Product: Woodland Men Camel Casual Shoes. Category: Shoes. Subcategory: Casual Shoes. Gender: Men. Color: Brown.,Fashion Product Images Small,Footwear,Shoes,Casual Shoes,Exact articleType: Casual Shoes
FP022865,22865,Woodland Men Khaki Casual Shoes,,Shoes,Casual Shoes,Men,Khaki,,images/FP022865.jpg,Product: Woodland Men Khaki Casual Shoes. Category: Shoes. Subcategory: Casual Shoes. Gender: Men. Color: Khaki.,Fashion Product Images Small,Footwear,Shoes,Casual Shoes,Exact articleType: Casual Shoes
FP022873,22873,Woodland Men Khaki Casual Shoes,,Shoes,Casual Shoes,Men,Khaki,,images/FP022873.jpg,Product: Woodland Men Khaki Casual Shoes. Category: Shoes. Subcategory: Casual Shoes. Gender: Men. Color: Khaki.,Fashion Product Images Small,Footwear,Shoes,Casual Shoes,Exact articleType: Casual Shoes
FP022875,22875,Woodland Men Khaki Casual Shoes,,Shoes,Casual Shoes,Men,Khaki,,images/FP022875.jpg,Product: Woodland Men Khaki Casual Shoes. Category: Shoes. Subcategory: Casual Shoes. Gender: Men. Color: Khaki.,Fashion Product Images Small,Footwear,Shoes,Casual Shoes,Exact articleType: Casual Shoes
FP022888,22888,Woodland Men Brown Casual Sandals,,Shoes,Sandals,Men,Brown,,images/FP022888.jpg,Product: Woodland Men Brown Casual Sandals. Category: Shoes. Subcategory: Sandals. Gender: Men. Color: Brown.,Fashion Product Images Small,Footwear,Sandal,Sandals,Exact articleType: Sandals
FP022952,22952,Reebok Men Grey Real Flex Sports Shoes,,Shoes,Sports Shoes,Men,Grey,,images/FP022952.jpg,Product: Reebok Men Grey Real Flex Sports Shoes. Category: Shoes. Subcategory: Sports Shoes. Gender: Men. Color: Grey.,Fashion Product Images Small,Footwear,Shoes,Sports Shoes,Exact articleType: Sports Shoes
FP022953,22953,Reebok Men Black Real Flex Sports Shoes,,Shoes,Sports Shoes,Men,Black,,images/FP022953.jpg,Product: Reebok Men Black Real Flex Sports Shoes. Category: Shoes. Subcategory: Sports Shoes. Gender: Men. Color: Black.,Fashion Product Images Small,Footwear,Shoes,Sports Shoes,Exact articleType: Sports Shoes
FP022958,22958,Reebok Men White Acciomax Sports Shoes,,Shoes,Sports Shoes,Men,White,,images/FP022958.jpg,Product: Reebok Men White Acciomax Sports Shoes. Category: Shoes. Subcategory: Sports Shoes. Gender: Men. Color: White.,Fashion Product Images Small,Footwear,Shoes,Sports Shoes,Exact articleType: Sports Shoes
FP022984,22984,FILA Men White Temptation Sports Shoes,,Shoes,Sports Shoes,Men,White,,images/FP022984.jpg,Product: FILA Men White Temptation Sports Shoes. Category: Shoes. Subcategory: Sports Shoes. Gender: Men. Color: White.,Fashion Product Images Small,Footwear,Shoes,Sports Shoes,Exact articleType: Sports Shoes
FP023136,23136,Quechua Women Fleece  Blue Sweatshirt,,Clothing,Sweatshirt,Women,Blue,,images/FP023136.jpg,Product: Quechua Women Fleece  Blue Sweatshirt. Category: Clothing. Subcategory: Sweatshirt. Gender: Women. Color: Blue.,Fashion Product Images Small,Apparel,Topwear,Sweatshirts,Exact articleType: Sweatshirts
FP023139,23139,Quechua Men Fleece Olive Sweatshirt,,Clothing,Sweatshirt,Men,Olive,,images/FP023139.jpg,Product: Quechua Men Fleece Olive Sweatshirt. Category: Clothing. Subcategory: Sweatshirt. Gender: Men. Color: Olive.,Fashion Product Images Small,Apparel,Topwear,Sweatshirts,Exact articleType: Sweatshirts
FP023140,23140,Quechua Women  Fleece Grey Sweatshirt,,Clothing,Sweatshirt,Women,Grey,,images/FP023140.jpg,Product: Quechua Women  Fleece Grey Sweatshirt. Category: Clothing. Subcategory: Sweatshirt. Gender: Women. Color: Grey.,Fashion Product Images Small,Apparel,Topwear,Sweatshirts,Exact articleType: Sweatshirts
FP023141,23141,Quechua Men Warm Fleece Navy Blue Sweatshirt,,Clothing,Sweatshirt,Men,Navy Blue,,images/FP023141.jpg,Product: Quechua Men Warm Fleece Navy Blue Sweatshirt. Category: Clothing. Subcategory: Sweatshirt. Gender: Men. Color: Navy Blue.,Fashion Product Images Small,Apparel,Topwear,Sweatshirts,Exact articleType: Sweatshirts
FP023150,23150,Quechua Women  Fleece Purple Jacket,,Clothing,Jacket,Women,Purple,,images/FP023150.jpg,Product: Quechua Women  Fleece Purple Jacket. Category: Clothing. Subcategory: Jacket. Gender: Women. Color: Purple.,Fashion Product Images Small,Apparel,Topwear,Jackets,Exact articleType: Jackets
FP023163,23163,Mark Taylor Men Navy Blue Printed T-shirt,,Clothing,T-Shirt,Men,Navy Blue,,images/FP023163.jpg,Product: Mark Taylor Men Navy Blue Printed T-shirt. Category: Clothing. Subcategory: T-Shirt. Gender: Men. Color: Navy Blue.,Fashion Product Images Small,Apparel,Topwear,Tshirts,Tshirts
FP023338,23338,Red Tape Men Casual Black Shoes,,Shoes,Casual Shoes,Men,Black,,images/FP023338.jpg,Product: Red Tape Men Casual Black Shoes. Category: Shoes. Subcategory: Casual Shoes. Gender: Men. Color: Black.,Fashion Product Images Small,Footwear,Shoes,Casual Shoes,Exact articleType: Casual Shoes
FP023540,23540,Classic Polo Men Black Sweatshirt,,Clothing,Sweatshirt,Men,Black,,images/FP023540.jpg,Product: Classic Polo Men Black Sweatshirt. Category: Clothing. Subcategory: Sweatshirt. Gender: Men. Color: Black.,Fashion Product Images Small,Apparel,Topwear,Sweatshirts,Exact articleType: Sweatshirts
FP023814,23814,Puma Men Neo Low Black Casual Shoes,,Shoes,Casual Shoes,Men,Black,,images/FP023814.jpg,Product: Puma Men Neo Low Black Casual Shoes. Category: Shoes. Subcategory: Casual Shoes. Gender: Men. Color: Black.,Fashion Product Images Small,Footwear,Shoes,Casual Shoes,Exact articleType: Casual Shoes
FP023836,23836,ADIDAS Men Khaki Agora Sports Shoes,,Shoes,Sports Shoes,Men,Khaki,,images/FP023836.jpg,Product: ADIDAS Men Khaki Agora Sports Shoes. Category: Shoes. Subcategory: Sports Shoes. Gender: Men. Color: Khaki.,Fashion Product Images Small,Footwear,Shoes,Sports Shoes,Exact articleType: Sports Shoes
FP023854,23854,ADIDAS Men Grey Stride Sports Shoes,,Shoes,Sports Shoes,Men,Grey,,images/FP023854.jpg,Product: ADIDAS Men Grey Stride Sports Shoes. Category: Shoes. Subcategory: Sports Shoes. Gender: Men. Color: Grey.,Fashion Product Images Small,Footwear,Shoes,Sports Shoes,Exact articleType: Sports Shoes
FP023862,23862,ADIDAS Men Green Spider 2 M Sports Shoes,,Shoes,Sports Shoes,Men,Green,,images/FP023862.jpg,Product: ADIDAS Men Green Spider 2 M Sports Shoes. Category: Shoes. Subcategory: Sports Shoes. Gender: Men. Color: Green.,Fashion Product Images Small,Footwear,Shoes,Sports Shoes,Exact articleType: Sports Shoes
FP023899,23899,Fila Men Wiser Brown Sandals,,Shoes,Sandals,Men,Brown,,images/FP023899.jpg,Product: Fila Men Wiser Brown Sandals. Category: Shoes. Subcategory: Sandals. Gender: Men. Color: Brown.,Fashion Product Images Small,Footwear,Sandal,Sandals,Exact articleType: Sandals
FP023917,23917,Fila Women Paramount White Casual Shoes,,Shoes,Casual Shoes,Women,White,,images/FP023917.jpg,Product: Fila Women Paramount White Casual Shoes. Category: Shoes. Subcategory: Casual Shoes. Gender: Women. Color: White.,Fashion Product Images Small,Footwear,Shoes,Casual Shoes,Exact articleType: Casual Shoes
FP023932,23932,Lotto Men White Advantage  Sports Shoes,,Shoes,Sports Shoes,Men,White,,images/FP023932.jpg,Product: Lotto Men White Advantage  Sports Shoes. Category: Shoes. Subcategory: Sports Shoes. Gender: Men. Color: White.,Fashion Product Images Small,Footwear,Shoes,Sports Shoes,Exact articleType: Sports Shoes
FP023939,23939,Lotto Men White Treviso Sports Shoes,,Shoes,Sports Shoes,Men,White,,images/FP023939.jpg,Product: Lotto Men White Treviso Sports Shoes. Category: Shoes. Subcategory: Sports Shoes. Gender: Men. Color: White.,Fashion Product Images Small,Footwear,Shoes,Sports Shoes,Exact articleType: Sports Shoes
FP023970,23970,Peter England Men Green Casual T-shirt,,Clothing,T-Shirt,Men,Green,,images/FP023970.jpg,Product: Peter England Men Green Casual T-shirt. Category: Clothing. Subcategory: T-Shirt. Gender: Men. Color: Green.,Fashion Product Images Small,Apparel,Topwear,Tshirts,Tshirts
FP024027,24027,Locomotive Men Printed Red T-shirt,,Clothing,T-Shirt,Men,Red,,images/FP024027.jpg,Product: Locomotive Men Printed Red T-shirt. Category: Clothing. Subcategory: T-Shirt. Gender: Men. Color: Red.,Fashion Product Images Small,Apparel,Topwear,Tshirts,Tshirts
FP024044,24044,Locomotive Men Printed Green T-shirt,,Clothing,T-Shirt,Men,Green,,images/FP024044.jpg,Product: Locomotive Men Printed Green T-shirt. Category: Clothing. Subcategory: T-Shirt. Gender: Men. Color: Green.,Fashion Product Images Small,Apparel,Topwear,Tshirts,Tshirts
FP024053,24053,Locomotive Men Printed Charcoal T-shirt,,Clothing,T-Shirt,Men,Charcoal,,images/FP024053.jpg,Product: Locomotive Men Printed Charcoal T-shirt. Category: Clothing. Subcategory: T-Shirt. Gender: Men. Color: Charcoal.,Fashion Product Images Small,Apparel,Topwear,Tshirts,Tshirts
FP024054,24054,Locomotive Men Printed Blue T-shirt,,Clothing,T-Shirt,Men,Blue,,images/FP024054.jpg,Product: Locomotive Men Printed Blue T-shirt. Category: Clothing. Subcategory: T-Shirt. Gender: Men. Color: Blue.,Fashion Product Images Small,Apparel,Topwear,Tshirts,Tshirts
FP024082,24082,Catwalk Women Yellow Casual Shoes,,Shoes,Casual Shoes,Women,Yellow,,images/FP024082.jpg,Product: Catwalk Women Yellow Casual Shoes. Category: Shoes. Subcategory: Casual Shoes. Gender: Women. Color: Yellow.,Fashion Product Images Small,Footwear,Shoes,Casual Shoes,Exact articleType: Casual Shoes
FP024191,24191,Converse Unisex Chuck Taylor All Star Print Black Casual Shoes,,Shoes,Casual Shoes,Unisex,Black,,images/FP024191.jpg,Product: Converse Unisex Chuck Taylor All Star Print Black Casual Shoes. Category: Shoes. Subcategory: Casual Shoes. Gender: Unisex. Color: Black.,Fashion Product Images Small,Footwear,Shoes,Casual Shoes,Exact articleType: Casual Shoes
FP024287,24287,Quiksilver Men Grey Sweatshirt,,Clothing,Sweatshirt,Men,Grey,,images/FP024287.jpg,Product: Quiksilver Men Grey Sweatshirt. Category: Clothing. Subcategory: Sweatshirt. Gender: Men. Color: Grey.,Fashion Product Images Small,Apparel,Topwear,Sweatshirts,Exact articleType: Sweatshirts
FP024288,24288,Quiksilver Men Grey Sweatshirt,,Clothing,Sweatshirt,Men,Grey,,images/FP024288.jpg,Product: Quiksilver Men Grey Sweatshirt. Category: Clothing. Subcategory: Sweatshirt. Gender: Men. Color: Grey.,Fashion Product Images Small,Apparel,Topwear,Sweatshirts,Exact articleType: Sweatshirts
FP024291,24291,Quick Silver Men Grey Melange Zip-up Sweatshirt,,Clothing,Sweatshirt,Men,Grey Melange,,images/FP024291.jpg,Product: Quick Silver Men Grey Melange Zip-up Sweatshirt. Category: Clothing. Subcategory: Sweatshirt. Gender: Men. Color: Grey Melange.,Fashion Product Images Small,Apparel,Topwear,Sweatshirts,Exact articleType: Sweatshirts
FP024304,24304,ADIDAS Men Printed Black Sweatshirt,,Clothing,Sweatshirt,Men,Black,,images/FP024304.jpg,Product: ADIDAS Men Printed Black Sweatshirt. Category: Clothing. Subcategory: Sweatshirt. Gender: Men. Color: Black.,Fashion Product Images Small,Apparel,Topwear,Sweatshirts,Exact articleType: Sweatshirts
FP024333,24333,ADIDAS Men Blue Printed T-shirt,,Clothing,T-Shirt,Men,Blue,,images/FP024333.jpg,Product: ADIDAS Men Blue Printed T-shirt. Category: Clothing. Subcategory: T-Shirt. Gender: Men. Color: Blue.,Fashion Product Images Small,Apparel,Topwear,Tshirts,Tshirts
FP024417,24417,ADIDAS Men KX TR Black Sports Shoes,,Shoes,Sports Shoes,Men,Black,,images/FP024417.jpg,Product: ADIDAS Men KX TR Black Sports Shoes. Category: Shoes. Subcategory: Sports Shoes. Gender: Men. Color: Black.,Fashion Product Images Small,Footwear,Shoes,Sports Shoes,Exact articleType: Sports Shoes
FP024420,24420,ADIDAS Men Snova Sequence 4 Blue Sports Shoes,,Shoes,Sports Shoes,Men,Blue,,images/FP024420.jpg,Product: ADIDAS Men Snova Sequence 4 Blue Sports Shoes. Category: Shoes. Subcategory: Sports Shoes. Gender: Men. Color: Blue.,Fashion Product Images Small,Footwear,Shoes,Sports Shoes,Exact articleType: Sports Shoes
FP024421,24421,ADIDAS Men Astar Salvation 3 White Sports Shoes,,Shoes,Sports Shoes,Men,White,,images/FP024421.jpg,Product: ADIDAS Men Astar Salvation 3 White Sports Shoes. Category: Shoes. Subcategory: Sports Shoes. Gender: Men. Color: White.,Fashion Product Images Small,Footwear,Shoes,Sports Shoes,Exact articleType: Sports Shoes
FP024671,24671,Converse Unisex  Floral Print Red Casual Shoes,,Shoes,Casual Shoes,Unisex,Red,,images/FP024671.jpg,Product: Converse Unisex  Floral Print Red Casual Shoes. Category: Shoes. Subcategory: Casual Shoes. Gender: Unisex. Color: Red.,Fashion Product Images Small,Footwear,Shoes,Casual Shoes,Exact articleType: Casual Shoes
FP024710,24710,Puma Men Ducati Black Casual Shoes,,Shoes,Casual Shoes,Men,Black,,images/FP024710.jpg,Product: Puma Men Ducati Black Casual Shoes. Category: Shoes. Subcategory: Casual Shoes. Gender: Men. Color: Black.,Fashion Product Images Small,Footwear,Shoes,Casual Shoes,Exact articleType: Casual Shoes
FP024712,24712,Puma Men Mid Bas Black Casual Shoes,,Shoes,Casual Shoes,Men,Black,,images/FP024712.jpg,Product: Puma Men Mid Bas Black Casual Shoes. Category: Shoes. Subcategory: Casual Shoes. Gender: Men. Color: Black.,Fashion Product Images Small,Footwear,Shoes,Casual Shoes,Exact articleType: Casual Shoes
FP024822,24822,Carlton London Men Blue Casual Shoes,,Shoes,Casual Shoes,Men,Blue,,images/FP024822.jpg,Product: Carlton London Men Blue Casual Shoes. Category: Shoes. Subcategory: Casual Shoes. Gender: Men. Color: Blue.,Fashion Product Images Small,Footwear,Shoes,Casual Shoes,Exact articleType: Casual Shoes
FP024885,24885,United Colors of Benetton Women Navy Blue Polo T-shirt,,Clothing,Polo,Women,Navy Blue,,images/FP024885.jpg,Product: United Colors of Benetton Women Navy Blue Polo T-shirt. Category: Clothing. Subcategory: Polo. Gender: Women. Color: Navy Blue.,Fashion Product Images Small,Apparel,Topwear,Tshirts,Tshirts + product name contains Polo
FP025031,25031,Nike Men Black Puffer Jacket,,Clothing,Jacket,Men,Black,,images/FP025031.jpg,Product: Nike Men Black Puffer Jacket. Category: Clothing. Subcategory: Jacket. Gender: Men. Color: Black.,Fashion Product Images Small,Apparel,Topwear,Jackets,Exact articleType: Jackets
FP025032,25032,Nike Men Black Puffer Jacket,,Clothing,Jacket,Men,Black,,images/FP025032.jpg,Product: Nike Men Black Puffer Jacket. Category: Clothing. Subcategory: Jacket. Gender: Men. Color: Black.,Fashion Product Images Small,Apparel,Topwear,Jackets,Exact articleType: Jackets
FP025403,25403,Converse Unisex Brown Big Checks  Casual Shoes,,Shoes,Casual Shoes,Unisex,Brown,,images/FP025403.jpg,Product: Converse Unisex Brown Big Checks  Casual Shoes. Category: Shoes. Subcategory: Casual Shoes. Gender: Unisex. Color: Brown.,Fashion Product Images Small,Footwear,Shoes,Casual Shoes,Exact articleType: Casual Shoes
FP025410,25410,Nike Men 2.04 Black Sports Shoes,,Shoes,Sports Shoes,Men,Black,,images/FP025410.jpg,Product: Nike Men 2.04 Black Sports Shoes. Category: Shoes. Subcategory: Sports Shoes. Gender: Men. Color: Black.,Fashion Product Images Small,Footwear,Shoes,Sports Shoes,Exact articleType: Sports Shoes
FP025451,25451,Nike Men Prowl White Casual Shoes,,Shoes,Casual Shoes,Men,White,,images/FP025451.jpg,Product: Nike Men Prowl White Casual Shoes. Category: Shoes. Subcategory: Casual Shoes. Gender: Men. Color: White.,Fashion Product Images Small,Footwear,Shoes,Casual Shoes,Exact articleType: Casual Shoes
FP025466,25466,Nike Men Downshifter Black Sports Shoes,,Shoes,Sports Shoes,Men,Black,,images/FP025466.jpg,Product: Nike Men Downshifter Black Sports Shoes. Category: Shoes. Subcategory: Sports Shoes. Gender: Men. Color: Black.,Fashion Product Images Small,Footwear,Shoes,Sports Shoes,Exact articleType: Sports Shoes
FP025578,25578,Fila Men Smash Lite Black Sports Shoes,,Shoes,Sports Shoes,Men,Black,,images/FP025578.jpg,Product: Fila Men Smash Lite Black Sports Shoes. Category: Shoes. Subcategory: Sports Shoes. Gender: Men. Color: Black.,Fashion Product Images Small,Footwear,Shoes,Sports Shoes,Exact articleType: Sports Shoes
FP025857,25857,Skechers Men Black Casual Shoes,,Shoes,Casual Shoes,Men,Black,,images/FP025857.jpg,Product: Skechers Men Black Casual Shoes. Category: Shoes. Subcategory: Casual Shoes. Gender: Men. Color: Black.,Fashion Product Images Small,Footwear,Shoes,Casual Shoes,Exact articleType: Casual Shoes
FP025968,25968,Femella Women White T-shirt,,Clothing,T-Shirt,Women,White,,images/FP025968.jpg,Product: Femella Women White T-shirt. Category: Clothing. Subcategory: T-Shirt. Gender: Women. Color: White.,Fashion Product Images Small,Apparel,Topwear,Tshirts,Tshirts
FP026248,26248,Proline Men Blue Polo Tshirt,,Clothing,Polo,Men,Blue,,images/FP026248.jpg,Product: Proline Men Blue Polo Tshirt. Category: Clothing. Subcategory: Polo. Gender: Men. Color: Blue.,Fashion Product Images Small,Apparel,Topwear,Tshirts,Tshirts + product name contains Polo
FP026265,26265,Proline Men Maroon Polo T-Shirt,,Clothing,Polo,Men,Maroon,,images/FP026265.jpg,Product: Proline Men Maroon Polo T-Shirt. Category: Clothing. Subcategory: Polo. Gender: Men. Color: Maroon.,Fashion Product Images Small,Apparel,Topwear,Tshirts,Tshirts + product name contains Polo
FP026475,26475,Puma Men Trend Blue T-shirt,,Clothing,T-Shirt,Men,Blue,,images/FP026475.jpg,Product: Puma Men Trend Blue T-shirt. Category: Clothing. Subcategory: T-Shirt. Gender: Men. Color: Blue.,Fashion Product Images Small,Apparel,Topwear,Tshirts,Tshirts
FP026485,26485,Puma Men Large Logo Ringer White T-shirt,,Clothing,T-Shirt,Men,White,,images/FP026485.jpg,Product: Puma Men Large Logo Ringer White T-shirt. Category: Clothing. Subcategory: T-Shirt. Gender: Men. Color: White.,Fashion Product Images Small,Apparel,Topwear,Tshirts,Tshirts
FP026542,26542,ID Men Blue Shoes,,Shoes,Casual Shoes,Men,Blue,,images/FP026542.jpg,Product: ID Men Blue Shoes. Category: Shoes. Subcategory: Casual Shoes. Gender: Men. Color: Blue.,Fashion Product Images Small,Footwear,Shoes,Casual Shoes,Exact articleType: Casual Shoes
FP026546,26546,ID Men Black & Red Sandals,,Shoes,Sandals,Men,Black,,images/FP026546.jpg,Product: ID Men Black & Red Sandals. Category: Shoes. Subcategory: Sandals. Gender: Men. Color: Black.,Fashion Product Images Small,Footwear,Sandal,Sandals,Exact articleType: Sandals
FP026548,26548,ID Men Blue Shoes,,Shoes,Casual Shoes,Men,Blue,,images/FP026548.jpg,Product: ID Men Blue Shoes. Category: Shoes. Subcategory: Casual Shoes. Gender: Men. Color: Blue.,Fashion Product Images Small,Footwear,Shoes,Casual Shoes,Exact articleType: Casual Shoes
FP026559,26559,Lee Cooper Men Black Shoes,,Shoes,Casual Shoes,Men,Black,,images/FP026559.jpg,Product: Lee Cooper Men Black Shoes. Category: Shoes. Subcategory: Casual Shoes. Gender: Men. Color: Black.,Fashion Product Images Small,Footwear,Shoes,Casual Shoes,Exact articleType: Casual Shoes
FP026592,26592,Puma Men Budoka Black Sports Shoes,,Shoes,Sports Shoes,Men,Black,,images/FP026592.jpg,Product: Puma Men Budoka Black Sports Shoes. Category: Shoes. Subcategory: Sports Shoes. Gender: Men. Color: Black.,Fashion Product Images Small,Footwear,Shoes,Sports Shoes,Exact articleType: Sports Shoes
FP026602,26602,Puma Men Ikonis 2 Grey Sports Shoes,,Shoes,Sports Shoes,Men,Grey,,images/FP026602.jpg,Product: Puma Men Ikonis 2 Grey Sports Shoes. Category: Shoes. Subcategory: Sports Shoes. Gender: Men. Color: Grey.,Fashion Product Images Small,Footwear,Shoes,Sports Shoes,Exact articleType: Sports Shoes
FP026604,26604,Puma Women Bodytrain White Sports Shoes,,Shoes,Sports Shoes,Women,White,,images/FP026604.jpg,Product: Puma Women Bodytrain White Sports Shoes. Category: Shoes. Subcategory: Sports Shoes. Gender: Women. Color: White.,Fashion Product Images Small,Footwear,Shoes,Sports Shoes,Exact articleType: Sports Shoes
FP026610,26610,Puma Men Osuran White Sports Shoes,,Shoes,Sports Shoes,Men,White,,images/FP026610.jpg,Product: Puma Men Osuran White Sports Shoes. Category: Shoes. Subcategory: Sports Shoes. Gender: Men. Color: White.,Fashion Product Images Small,Footwear,Shoes,Sports Shoes,Exact articleType: Sports Shoes
FP026621,26621,Puma Men Kevler Runner White Sports Shoes,,Shoes,Sports Shoes,Men,White,,images/FP026621.jpg,Product: Puma Men Kevler Runner White Sports Shoes. Category: Shoes. Subcategory: Sports Shoes. Gender: Men. Color: White.,Fashion Product Images Small,Footwear,Shoes,Sports Shoes,Exact articleType: Sports Shoes
FP026623,26623,Puma Women BodyTrain Mesh Grid Black Sports Shoes,,Shoes,Sports Shoes,Women,Black,,images/FP026623.jpg,Product: Puma Women BodyTrain Mesh Grid Black Sports Shoes. Category: Shoes. Subcategory: Sports Shoes. Gender: Women. Color: Black.,Fashion Product Images Small,Footwear,Shoes,Sports Shoes,Exact articleType: Sports Shoes
FP026728,26728,Puma Men Tech Green T-shirt,,Clothing,T-Shirt,Men,Green,,images/FP026728.jpg,Product: Puma Men Tech Green T-shirt. Category: Clothing. Subcategory: T-Shirt. Gender: Men. Color: Green.,Fashion Product Images Small,Apparel,Topwear,Tshirts,Tshirts
FP026883,26883,Jealous 21 Women Printed Green T-shirt,,Clothing,T-Shirt,Women,Green,,images/FP026883.jpg,Product: Jealous 21 Women Printed Green T-shirt. Category: Clothing. Subcategory: T-Shirt. Gender: Women. Color: Green.,Fashion Product Images Small,Apparel,Topwear,Tshirts,Tshirts
FP027350,27350,Tantra Women Hippy Purple T-shirt,,Clothing,T-Shirt,Women,Purple,,images/FP027350.jpg,Product: Tantra Women Hippy Purple T-shirt. Category: Clothing. Subcategory: T-Shirt. Gender: Women. Color: Purple.,Fashion Product Images Small,Apparel,Topwear,Tshirts,Tshirts
FP027377,27377,Tantra Men Jimmo Beige T-shirt,,Clothing,T-Shirt,Men,Beige,,images/FP027377.jpg,Product: Tantra Men Jimmo Beige T-shirt. Category: Clothing. Subcategory: T-Shirt. Gender: Men. Color: Beige.,Fashion Product Images Small,Apparel,Topwear,Tshirts,Tshirts
FP027396,27396,2go Active Gear USA Men Pack Of 3 T-shirt,,Clothing,T-Shirt,Men,Black,,images/FP027396.jpg,Product: 2go Active Gear USA Men Pack Of 3 T-shirt. Category: Clothing. Subcategory: T-Shirt. Gender: Men. Color: Black.,Fashion Product Images Small,Apparel,Topwear,Tshirts,Tshirts
FP027525,27525,Scullers Men Olive Jacket,,Clothing,Jacket,Men,Olive,,images/FP027525.jpg,Product: Scullers Men Olive Jacket. Category: Clothing. Subcategory: Jacket. Gender: Men. Color: Olive.,Fashion Product Images Small,Apparel,Topwear,Jackets,Exact articleType: Jackets
FP027586,27586,Scullers Men White & Green Striped T-shirt,,Clothing,T-Shirt,Men,White,,images/FP027586.jpg,Product: Scullers Men White & Green Striped T-shirt. Category: Clothing. Subcategory: T-Shirt. Gender: Men. Color: White.,Fashion Product Images Small,Apparel,Topwear,Tshirts,Tshirts
FP027655,27655,Pink Floyd Men White Printed Tshirt,,Clothing,T-Shirt,Men,White,,images/FP027655.jpg,Product: Pink Floyd Men White Printed Tshirt. Category: Clothing. Subcategory: T-Shirt. Gender: Men. Color: White.,Fashion Product Images Small,Apparel,Topwear,Tshirts,Tshirts
FP028321,28321,Red Tape Men Casual Black Sandals,,Shoes,Sandals,Men,Black,,images/FP028321.jpg,Product: Red Tape Men Casual Black Sandals. Category: Shoes. Subcategory: Sandals. Gender: Men. Color: Black.,Fashion Product Images Small,Footwear,Sandal,Sandals,Exact articleType: Sandals
FP028468,28468,Urban Yoga Women Printed Lavender T-shirt,,Clothing,T-Shirt,Women,Lavender,,images/FP028468.jpg,Product: Urban Yoga Women Printed Lavender T-shirt. Category: Clothing. Subcategory: T-Shirt. Gender: Women. Color: Lavender.,Fashion Product Images Small,Apparel,Topwear,Tshirts,Tshirts
FP028540,28540,Nike Men Hurricane Vapor Red Jacket,,Clothing,Jacket,Men,Red,,images/FP028540.jpg,Product: Nike Men Hurricane Vapor Red Jacket. Category: Clothing. Subcategory: Jacket. Gender: Men. Color: Red.,Fashion Product Images Small,Apparel,Topwear,Jackets,Exact articleType: Jackets
FP028552,28552,Nike Men Club Pique Polo Green T-shirt,,Clothing,Polo,Men,Green,,images/FP028552.jpg,Product: Nike Men Club Pique Polo Green T-shirt. Category: Clothing. Subcategory: Polo. Gender: Men. Color: Green.,Fashion Product Images Small,Apparel,Topwear,Tshirts,Tshirts + product name contains Polo
FP028556,28556,Nike Men Club Polo Black T-shirt,,Clothing,Polo,Men,Black,,images/FP028556.jpg,Product: Nike Men Club Polo Black T-shirt. Category: Clothing. Subcategory: Polo. Gender: Men. Color: Black.,Fashion Product Images Small,Apparel,Topwear,Tshirts,Tshirts + product name contains Polo
FP028565,28565,Nike Men Air Bags Blue T-shirt,,Clothing,T-Shirt,Men,Blue,,images/FP028565.jpg,Product: Nike Men Air Bags Blue T-shirt. Category: Clothing. Subcategory: T-Shirt. Gender: Men. Color: Blue.,Fashion Product Images Small,Apparel,Topwear,Tshirts,Tshirts
FP028575,28575,Nike Women Try Me Pink T-shirt,,Clothing,T-Shirt,Women,Pink,,images/FP028575.jpg,Product: Nike Women Try Me Pink T-shirt. Category: Clothing. Subcategory: T-Shirt. Gender: Women. Color: Pink.,Fashion Product Images Small,Apparel,Topwear,Tshirts,Tshirts
FP028605,28605,Nike Men Dunk High Black Shoes,,Shoes,Sports Shoes,Men,Black,,images/FP028605.jpg,Product: Nike Men Dunk High Black Shoes. Category: Shoes. Subcategory: Sports Shoes. Gender: Men. Color: Black.,Fashion Product Images Small,Footwear,Shoes,Sports Shoes,Exact articleType: Sports Shoes
FP028659,28659,Nike Men Air Max Grey Sports Shoes,,Shoes,Sports Shoes,Men,Grey,,images/FP028659.jpg,Product: Nike Men Air Max Grey Sports Shoes. Category: Shoes. Subcategory: Sports Shoes. Gender: Men. Color: Grey.,Fashion Product Images Small,Footwear,Shoes,Sports Shoes,Exact articleType: Sports Shoes
FP028662,28662,Nike Men Lunar Flow Black Casual Shoes,,Shoes,Casual Shoes,Men,Black,,images/FP028662.jpg,Product: Nike Men Lunar Flow Black Casual Shoes. Category: Shoes. Subcategory: Casual Shoes. Gender: Men. Color: Black.,Fashion Product Images Small,Footwear,Shoes,Casual Shoes,Exact articleType: Casual Shoes
FP028675,28675,Proline Men Blue Polo T-shirt,,Clothing,Polo,Men,Blue,,images/FP028675.jpg,Product: Proline Men Blue Polo T-shirt. Category: Clothing. Subcategory: Polo. Gender: Men. Color: Blue.,Fashion Product Images Small,Apparel,Topwear,Tshirts,Tshirts + product name contains Polo
FP028851,28851,Proline Charcoal Grey Polo T-shirt,,Clothing,Polo,Men,Charcoal,,images/FP028851.jpg,Product: Proline Charcoal Grey Polo T-shirt. Category: Clothing. Subcategory: Polo. Gender: Men. Color: Charcoal.,Fashion Product Images Small,Apparel,Topwear,Tshirts,Tshirts + product name contains Polo
FP028857,28857,Proline Men Navy Blue T-shirt,,Clothing,T-Shirt,Men,Navy Blue,,images/FP028857.jpg,Product: Proline Men Navy Blue T-shirt. Category: Clothing. Subcategory: T-Shirt. Gender: Men. Color: Navy Blue.,Fashion Product Images Small,Apparel,Topwear,Tshirts,Tshirts
FP028924,28924,Mr. Men Printed Yellow T-shirt,,Clothing,T-Shirt,Men,Yellow,,images/FP028924.jpg,Product: Mr. Men Printed Yellow T-shirt. Category: Clothing. Subcategory: T-Shirt. Gender: Men. Color: Yellow.,Fashion Product Images Small,Apparel,Topwear,Tshirts,Tshirts
FP029046,29046,ADIDAS Men Aess  Blue Polo T-shirt,,Clothing,Polo,Men,Blue,,images/FP029046.jpg,Product: ADIDAS Men Aess  Blue Polo T-shirt. Category: Clothing. Subcategory: Polo. Gender: Men. Color: Blue.,Fashion Product Images Small,Apparel,Topwear,Tshirts,Tshirts + product name contains Polo
FP029049,29049,ADIDAS Men Graphic Grey T-shirt,,Clothing,T-Shirt,Men,Grey,,images/FP029049.jpg,Product: ADIDAS Men Graphic Grey T-shirt. Category: Clothing. Subcategory: T-Shirt. Gender: Men. Color: Grey.,Fashion Product Images Small,Apparel,Topwear,Tshirts,Tshirts
FP029061,29061,ADIDAS Women Printed White T-shirt,,Clothing,T-Shirt,Women,White,,images/FP029061.jpg,Product: ADIDAS Women Printed White T-shirt. Category: Clothing. Subcategory: T-Shirt. Gender: Women. Color: White.,Fashion Product Images Small,Apparel,Topwear,Tshirts,Tshirts
FP029161,29161,United Colors of Benetton Men Red T-shirt,,Clothing,T-Shirt,Men,Red,,images/FP029161.jpg,Product: United Colors of Benetton Men Red T-shirt. Category: Clothing. Subcategory: T-Shirt. Gender: Men. Color: Red.,Fashion Product Images Small,Apparel,Topwear,Tshirts,Tshirts
FP029196,29196,Fila Men Smash III Black Sports Shoes,,Shoes,Sports Shoes,Men,Black,,images/FP029196.jpg,Product: Fila Men Smash III Black Sports Shoes. Category: Shoes. Subcategory: Sports Shoes. Gender: Men. Color: Black.,Fashion Product Images Small,Footwear,Shoes,Sports Shoes,Exact articleType: Sports Shoes
FP029242,29242,ADIDAS Men Zephyral Black Sandals,,Shoes,Sandals,Men,Black,,images/FP029242.jpg,Product: ADIDAS Men Zephyral Black Sandals. Category: Shoes. Subcategory: Sandals. Gender: Men. Color: Black.,Fashion Product Images Small,Footwear,Sandal,Sandals,Exact articleType: Sandals
FP029247,29247,ADIDAS Men Lakers Yellow Jersey,,Clothing,T-Shirt,Men,Yellow,,images/FP029247.jpg,Product: ADIDAS Men Lakers Yellow Jersey. Category: Clothing. Subcategory: T-Shirt. Gender: Men. Color: Yellow.,Fashion Product Images Small,Apparel,Topwear,Tshirts,Tshirts
FP029250,29250,ADIDAS Men Puntero VII Trx HG White Sports Shoes,,Shoes,Sports Shoes,Men,White,,images/FP029250.jpg,Product: ADIDAS Men Puntero VII Trx HG White Sports Shoes. Category: Shoes. Subcategory: Sports Shoes. Gender: Men. Color: White.,Fashion Product Images Small,Footwear,Shoes,Sports Shoes,Exact articleType: Sports Shoes
FP029308,29308,Wrangler Men Bull Rider Blue T-shirt,,Clothing,T-Shirt,Men,Blue,,images/FP029308.jpg,Product: Wrangler Men Bull Rider Blue T-shirt. Category: Clothing. Subcategory: T-Shirt. Gender: Men. Color: Blue.,Fashion Product Images Small,Apparel,Topwear,Tshirts,Tshirts
FP029546,29546,Classic Polo Men Black T-shirt,,Clothing,Polo,Men,Black,,images/FP029546.jpg,Product: Classic Polo Men Black T-shirt. Category: Clothing. Subcategory: Polo. Gender: Men. Color: Black.,Fashion Product Images Small,Apparel,Topwear,Tshirts,Tshirts + product name contains Polo
FP029547,29547,Classic Polo Men Printed Yellow T-shirt,,Clothing,Polo,Men,Yellow,,images/FP029547.jpg,Product: Classic Polo Men Printed Yellow T-shirt. Category: Clothing. Subcategory: Polo. Gender: Men. Color: Yellow.,Fashion Product Images Small,Apparel,Topwear,Tshirts,Tshirts + product name contains Polo
FP029559,29559,Vans Unisex Authentic Black Shoes,,Shoes,Casual Shoes,Unisex,Black,,images/FP029559.jpg,Product: Vans Unisex Authentic Black Shoes. Category: Shoes. Subcategory: Casual Shoes. Gender: Unisex. Color: Black.,Fashion Product Images Small,Footwear,Shoes,Casual Shoes,Exact articleType: Casual Shoes
FP029570,29570,Vans Men Classic Slip-On Purple & Black Shoes,,Shoes,Casual Shoes,Men,Purple,,images/FP029570.jpg,Product: Vans Men Classic Slip-On Purple & Black Shoes. Category: Shoes. Subcategory: Casual Shoes. Gender: Men. Color: Purple.,Fashion Product Images Small,Footwear,Shoes,Casual Shoes,Exact articleType: Casual Shoes
FP029574,29574,Vans Men Edgemont Black Shoes,,Shoes,Casual Shoes,Men,Black,,images/FP029574.jpg,Product: Vans Men Edgemont Black Shoes. Category: Shoes. Subcategory: Casual Shoes. Gender: Men. Color: Black.,Fashion Product Images Small,Footwear,Shoes,Casual Shoes,Exact articleType: Casual Shoes
FP029598,29598,Indigo Nation Men Striped Black & Blue T-shirt,,Clothing,T-Shirt,Men,Black,,images/FP029598.jpg,Product: Indigo Nation Men Striped Black & Blue T-shirt. Category: Clothing. Subcategory: T-Shirt. Gender: Men. Color: Black.,Fashion Product Images Small,Apparel,Topwear,Tshirts,Tshirts
FP030142,30142,Flying Machine Women Printed Green T-shirt,,Clothing,T-Shirt,Women,Green,,images/FP030142.jpg,Product: Flying Machine Women Printed Green T-shirt. Category: Clothing. Subcategory: T-Shirt. Gender: Women. Color: Green.,Fashion Product Images Small,Apparel,Topwear,Tshirts,Tshirts
FP030240,30240,Numero Uno Men White Shoes,,Shoes,Casual Shoes,Men,White,,images/FP030240.jpg,Product: Numero Uno Men White Shoes. Category: Shoes. Subcategory: Casual Shoes. Gender: Men. Color: White.,Fashion Product Images Small,Footwear,Shoes,Casual Shoes,Exact articleType: Casual Shoes
FP030302,30302,Myntra Men Evil Minds Off White T-shirt,,Clothing,T-Shirt,Men,Off White,,images/FP030302.jpg,Product: Myntra Men Evil Minds Off White T-shirt. Category: Clothing. Subcategory: T-Shirt. Gender: Men. Color: Off White.,Fashion Product Images Small,Apparel,Topwear,Tshirts,Tshirts
FP030611,30611,Nike Men Grey Jacket,,Clothing,Jacket,Men,Grey,,images/FP030611.jpg,Product: Nike Men Grey Jacket. Category: Clothing. Subcategory: Jacket. Gender: Men. Color: Grey.,Fashion Product Images Small,Apparel,Topwear,Jackets,Exact articleType: Jackets
FP030615,30615,Nike Men Black Jacket,,Clothing,Jacket,Men,Black,,images/FP030615.jpg,Product: Nike Men Black Jacket. Category: Clothing. Subcategory: Jacket. Gender: Men. Color: Black.,Fashion Product Images Small,Apparel,Topwear,Jackets,Exact articleType: Jackets
FP030906,30906,Fabindia Women Reversible Jacket,,Clothing,Jacket,Women,Maroon,,images/FP030906.jpg,Product: Fabindia Women Reversible Jacket. Category: Clothing. Subcategory: Jacket. Gender: Women. Color: Maroon.,Fashion Product Images Small,Apparel,Topwear,Jackets,Exact articleType: Jackets
FP031214,31214,Lotto Men Atlantica Black Sports Shoes,,Shoes,Sports Shoes,Men,Black,,images/FP031214.jpg,Product: Lotto Men Atlantica Black Sports Shoes. Category: Shoes. Subcategory: Sports Shoes. Gender: Men. Color: Black.,Fashion Product Images Small,Footwear,Shoes,Sports Shoes,Exact articleType: Sports Shoes
FP031219,31219,Lotto Women Skate White Casual Shoes,,Shoes,Casual Shoes,Women,White,,images/FP031219.jpg,Product: Lotto Women Skate White Casual Shoes. Category: Shoes. Subcategory: Casual Shoes. Gender: Women. Color: White.,Fashion Product Images Small,Footwear,Shoes,Casual Shoes,Exact articleType: Casual Shoes
FP031245,31245,Puma Men White Polo T-shirt,,Clothing,Polo,Men,White,,images/FP031245.jpg,Product: Puma Men White Polo T-shirt. Category: Clothing. Subcategory: Polo. Gender: Men. Color: White.,Fashion Product Images Small,Apparel,Topwear,Tshirts,Tshirts + product name contains Polo
FP031250,31250,Puma Men Car Graphic Red T-shirt,,Clothing,T-Shirt,Men,Red,,images/FP031250.jpg,Product: Puma Men Car Graphic Red T-shirt. Category: Clothing. Subcategory: T-Shirt. Gender: Men. Color: Red.,Fashion Product Images Small,Apparel,Topwear,Tshirts,Tshirts
FP031280,31280,PUMA Red Bonn Graphic Print T-shirt,,Clothing,T-Shirt,Men,Red,,images/FP031280.jpg,Product: PUMA Red Bonn Graphic Print T-shirt. Category: Clothing. Subcategory: T-Shirt. Gender: Men. Color: Red.,Fashion Product Images Small,Apparel,Topwear,Tshirts,Tshirts
FP031283,31283,Puma Men Faas Black T-shirt,,Clothing,T-Shirt,Men,Black,,images/FP031283.jpg,Product: Puma Men Faas Black T-shirt. Category: Clothing. Subcategory: T-Shirt. Gender: Men. Color: Black.,Fashion Product Images Small,Apparel,Topwear,Tshirts,Tshirts
FP031289,31289,Puma Men Training Polo White T-shirt,,Clothing,Polo,Men,White,,images/FP031289.jpg,Product: Puma Men Training Polo White T-shirt. Category: Clothing. Subcategory: Polo. Gender: Men. Color: White.,Fashion Product Images Small,Apparel,Topwear,Tshirts,Tshirts + product name contains Polo
FP031317,31317,W Women Teal Jacket,,Clothing,Jacket,Women,Teal,,images/FP031317.jpg,Product: W Women Teal Jacket. Category: Clothing. Subcategory: Jacket. Gender: Women. Color: Teal.,Fashion Product Images Small,Apparel,Topwear,Jackets,Exact articleType: Jackets
FP031369,31369,Locomotive Men Printed Navy Blue T-shirt,,Clothing,T-Shirt,Men,Navy Blue,,images/FP031369.jpg,Product: Locomotive Men Printed Navy Blue T-shirt. Category: Clothing. Subcategory: T-Shirt. Gender: Men. Color: Navy Blue.,Fashion Product Images Small,Apparel,Topwear,Tshirts,Tshirts
FP031371,31371,Locomotive Men Printed Navy Blue T-shirt,,Clothing,T-Shirt,Men,Navy Blue,,images/FP031371.jpg,Product: Locomotive Men Printed Navy Blue T-shirt. Category: Clothing. Subcategory: T-Shirt. Gender: Men. Color: Navy Blue.,Fashion Product Images Small,Apparel,Topwear,Tshirts,Tshirts
FP031462,31462,Nike Men Advantage Geometric Blue Jersey,,Clothing,T-Shirt,Men,Blue,,images/FP031462.jpg,Product: Nike Men Advantage Geometric Blue Jersey. Category: Clothing. Subcategory: T-Shirt. Gender: Men. Color: Blue.,Fashion Product Images Small,Apparel,Topwear,Tshirts,Tshirts
FP031604,31604,Nike Men Football Blue Jersey,,Clothing,T-Shirt,Men,Blue,,images/FP031604.jpg,Product: Nike Men Football Blue Jersey. Category: Clothing. Subcategory: T-Shirt. Gender: Men. Color: Blue.,Fashion Product Images Small,Apparel,Topwear,Tshirts,Tshirts
FP031688,31688,Nike Men Lunarfly +3 White Sports Shoes,,Shoes,Sports Shoes,Men,White,,images/FP031688.jpg,Product: Nike Men Lunarfly +3 White Sports Shoes. Category: Shoes. Subcategory: Sports Shoes. Gender: Men. Color: White.,Fashion Product Images Small,Footwear,Shoes,Sports Shoes,Exact articleType: Sports Shoes
FP031800,31800,Lee Men Troy Black Polo T-shirt,,Clothing,Polo,Men,Black,,images/FP031800.jpg,Product: Lee Men Troy Black Polo T-shirt. Category: Clothing. Subcategory: Polo. Gender: Men. Color: Black.,Fashion Product Images Small,Apparel,Topwear,Tshirts,Tshirts + product name contains Polo
FP031975,31975,Nike Women Lunarglide+3 Grey Sports Shoes,,Shoes,Sports Shoes,Women,Grey,,images/FP031975.jpg,Product: Nike Women Lunarglide+3 Grey Sports Shoes. Category: Shoes. Subcategory: Sports Shoes. Gender: Women. Color: Grey.,Fashion Product Images Small,Footwear,Shoes,Sports Shoes,Exact articleType: Sports Shoes
FP032416,32416,ADIDAS Men Blue Jersey,,Clothing,T-Shirt,Men,Blue,,images/FP032416.jpg,Product: ADIDAS Men Blue Jersey. Category: Clothing. Subcategory: T-Shirt. Gender: Men. Color: Blue.,Fashion Product Images Small,Apparel,Topwear,Tshirts,Tshirts
FP032462,32462,ADIDAS Men Polo White T-shirt,,Clothing,Polo,Men,White,,images/FP032462.jpg,Product: ADIDAS Men Polo White T-shirt. Category: Clothing. Subcategory: Polo. Gender: Men. Color: White.,Fashion Product Images Small,Apparel,Topwear,Tshirts,Tshirts + product name contains Polo
FP032552,32552,Playboy Men Black Shoes,,Shoes,Casual Shoes,Men,Black,,images/FP032552.jpg,Product: Playboy Men Black Shoes. Category: Shoes. Subcategory: Casual Shoes. Gender: Men. Color: Black.,Fashion Product Images Small,Footwear,Shoes,Casual Shoes,Exact articleType: Casual Shoes
FP032628,32628,Nike Men Black Polo T-shirt,,Clothing,Polo,Men,Black,,images/FP032628.jpg,Product: Nike Men Black Polo T-shirt. Category: Clothing. Subcategory: Polo. Gender: Men. Color: Black.,Fashion Product Images Small,Apparel,Topwear,Tshirts,Tshirts + product name contains Polo
FP032657,32657,Nike Men Race Black T-shirt,,Clothing,T-Shirt,Men,Black,,images/FP032657.jpg,Product: Nike Men Race Black T-shirt. Category: Clothing. Subcategory: T-Shirt. Gender: Men. Color: Black.,Fashion Product Images Small,Apparel,Topwear,Tshirts,Tshirts
FP032728,32728,Fila Unisex Skeletoes 2.0 Blue Shoes,,Shoes,Sports Shoes,Unisex,Blue,,images/FP032728.jpg,Product: Fila Unisex Skeletoes 2.0 Blue Shoes. Category: Shoes. Subcategory: Sports Shoes. Gender: Unisex. Color: Blue.,Fashion Product Images Small,Footwear,Shoes,Sports Shoes,Exact articleType: Sports Shoes
FP032736,32736,FILA Men Smash III Black Sports Shoes,,Shoes,Sports Shoes,Men,Black,,images/FP032736.jpg,Product: FILA Men Smash III Black Sports Shoes. Category: Shoes. Subcategory: Sports Shoes. Gender: Men. Color: Black.,Fashion Product Images Small,Footwear,Shoes,Sports Shoes,Exact articleType: Sports Shoes
FP032751,32751,FILA Men Liga II Black Shoes,,Shoes,Casual Shoes,Men,Black,,images/FP032751.jpg,Product: FILA Men Liga II Black Shoes. Category: Shoes. Subcategory: Casual Shoes. Gender: Men. Color: Black.,Fashion Product Images Small,Footwear,Shoes,Casual Shoes,Exact articleType: Casual Shoes
FP032953,32953,ADIDAS Neo Men Clemente Stripe Black Shoes,,Shoes,Casual Shoes,Men,Black,,images/FP032953.jpg,Product: ADIDAS Neo Men Clemente Stripe Black Shoes. Category: Shoes. Subcategory: Casual Shoes. Gender: Men. Color: Black.,Fashion Product Images Small,Footwear,Shoes,Casual Shoes,Exact articleType: Casual Shoes
FP033155,33155,Classic Polo Men Printed Grey T-shirt,,Clothing,Polo,Men,Grey,,images/FP033155.jpg,Product: Classic Polo Men Printed Grey T-shirt. Category: Clothing. Subcategory: Polo. Gender: Men. Color: Grey.,Fashion Product Images Small,Apparel,Topwear,Tshirts,Tshirts + product name contains Polo
FP033156,33156,Classic Polo Men Printed White T-shirt,,Clothing,Polo,Men,White,,images/FP033156.jpg,Product: Classic Polo Men Printed White T-shirt. Category: Clothing. Subcategory: Polo. Gender: Men. Color: White.,Fashion Product Images Small,Apparel,Topwear,Tshirts,Tshirts + product name contains Polo
FP033563,33563,Wrangler Women Butterfly Yellow T-shirt,,Clothing,T-Shirt,Women,Yellow,,images/FP033563.jpg,Product: Wrangler Women Butterfly Yellow T-shirt. Category: Clothing. Subcategory: T-Shirt. Gender: Women. Color: Yellow.,Fashion Product Images Small,Apparel,Topwear,Tshirts,Tshirts
FP033564,33564,Wrangler Women Butterfly White T-shirt,,Clothing,T-Shirt,Women,White,,images/FP033564.jpg,Product: Wrangler Women Butterfly White T-shirt. Category: Clothing. Subcategory: T-Shirt. Gender: Women. Color: White.,Fashion Product Images Small,Apparel,Topwear,Tshirts,Tshirts
FP033589,33589,Wrangler Men Urban Folk Polo Green T-shirt,,Clothing,Polo,Men,Green,,images/FP033589.jpg,Product: Wrangler Men Urban Folk Polo Green T-shirt. Category: Clothing. Subcategory: Polo. Gender: Men. Color: Green.,Fashion Product Images Small,Apparel,Topwear,Tshirts,Tshirts + product name contains Polo
FP033647,33647,Lotto Men Ridge Black Sandals,,Shoes,Sandals,Men,Black,,images/FP033647.jpg,Product: Lotto Men Ridge Black Sandals. Category: Shoes. Subcategory: Sandals. Gender: Men. Color: Black.,Fashion Product Images Small,Footwear,Sandal,Sandals,Exact articleType: Sandals
FP033649,33649,Lotto Men Stride Black Sandals,,Shoes,Sandals,Men,Black,,images/FP033649.jpg,Product: Lotto Men Stride Black Sandals. Category: Shoes. Subcategory: Sandals. Gender: Men. Color: Black.,Fashion Product Images Small,Footwear,Sandal,Sandals,Exact articleType: Sandals
FP033663,33663,Lotto Men Caesar Cross Brown Sandals,,Shoes,Sandals,Men,Brown,,images/FP033663.jpg,Product: Lotto Men Caesar Cross Brown Sandals. Category: Shoes. Subcategory: Sandals. Gender: Men. Color: Brown.,Fashion Product Images Small,Footwear,Sandal,Sandals,Exact articleType: Sandals
FP033689,33689,Cobblerz Men White & Blue Casual Shoes,,Shoes,Casual Shoes,Men,White,,images/FP033689.jpg,Product: Cobblerz Men White & Blue Casual Shoes. Category: Shoes. Subcategory: Casual Shoes. Gender: Men. Color: White.,Fashion Product Images Small,Footwear,Shoes,Casual Shoes,Exact articleType: Casual Shoes
FP033763,33763,ADIDAS Neo Men Ez Desert Boot Olive Shoes,,Shoes,Casual Shoes,Men,Olive,,images/FP033763.jpg,Product: ADIDAS Neo Men Ez Desert Boot Olive Shoes. Category: Shoes. Subcategory: Casual Shoes. Gender: Men. Color: Olive.,Fashion Product Images Small,Footwear,Shoes,Casual Shoes,Exact articleType: Casual Shoes
FP033843,33843,Puma Men Future Cat Black Shoes,,Shoes,Casual Shoes,Men,Black,,images/FP033843.jpg,Product: Puma Men Future Cat Black Shoes. Category: Shoes. Subcategory: Casual Shoes. Gender: Men. Color: Black.,Fashion Product Images Small,Footwear,Shoes,Casual Shoes,Exact articleType: Casual Shoes
FP033945,33945,ADIDAS Men White Striped Polo T-shirt,,Clothing,Polo,Men,White,,images/FP033945.jpg,Product: ADIDAS Men White Striped Polo T-shirt. Category: Clothing. Subcategory: Polo. Gender: Men. Color: White.,Fashion Product Images Small,Apparel,Topwear,Tshirts,Tshirts + product name contains Polo
FP033952,33952,ADIDAS Men Vesta Peach Polo T-shirt,,Clothing,Polo,Men,Peach,,images/FP033952.jpg,Product: ADIDAS Men Vesta Peach Polo T-shirt. Category: Clothing. Subcategory: Polo. Gender: Men. Color: Peach.,Fashion Product Images Small,Apparel,Topwear,Tshirts,Tshirts + product name contains Polo
FP034084,34084,Clarks Men Manor Hall Natural Leather Tan Shoes,,Shoes,Casual Shoes,Men,Tan,,images/FP034084.jpg,Product: Clarks Men Manor Hall Natural Leather Tan Shoes. Category: Shoes. Subcategory: Casual Shoes. Gender: Men. Color: Tan.,Fashion Product Images Small,Footwear,Shoes,Casual Shoes,Exact articleType: Casual Shoes
FP034212,34212,Proline Men Grey T-shirt,,Clothing,T-Shirt,Men,Grey,,images/FP034212.jpg,Product: Proline Men Grey T-shirt. Category: Clothing. Subcategory: T-Shirt. Gender: Men. Color: Grey.,Fashion Product Images Small,Apparel,Topwear,Tshirts,Tshirts
FP034213,34213,Proline Men Purple Polo T-shirt,,Clothing,Polo,Men,Purple,,images/FP034213.jpg,Product: Proline Men Purple Polo T-shirt. Category: Clothing. Subcategory: Polo. Gender: Men. Color: Purple.,Fashion Product Images Small,Apparel,Topwear,Tshirts,Tshirts + product name contains Polo
FP034221,34221,Proline Grey Polo T-shirt,,Clothing,Polo,Men,Grey,,images/FP034221.jpg,Product: Proline Grey Polo T-shirt. Category: Clothing. Subcategory: Polo. Gender: Men. Color: Grey.,Fashion Product Images Small,Apparel,Topwear,Tshirts,Tshirts + product name contains Polo
FP034229,34229,Proline Men Grey Comfort Fit Polo T-shirt,,Clothing,Polo,Men,Grey,,images/FP034229.jpg,Product: Proline Men Grey Comfort Fit Polo T-shirt. Category: Clothing. Subcategory: Polo. Gender: Men. Color: Grey.,Fashion Product Images Small,Apparel,Topwear,Tshirts,Tshirts + product name contains Polo
FP034237,34237,Proline Men Rust Orange Polo T-shirt,,Clothing,Polo,Men,Rust,,images/FP034237.jpg,Product: Proline Men Rust Orange Polo T-shirt. Category: Clothing. Subcategory: Polo. Gender: Men. Color: Rust.,Fashion Product Images Small,Apparel,Topwear,Tshirts,Tshirts + product name contains Polo
FP034315,34315,Myntra Men Orange Street Survival T-shirt,,Clothing,T-Shirt,Men,Orange,,images/FP034315.jpg,Product: Myntra Men Orange Street Survival T-shirt. Category: Clothing. Subcategory: T-Shirt. Gender: Men. Color: Orange.,Fashion Product Images Small,Apparel,Topwear,Tshirts,Tshirts
FP034317,34317,Myntra Men Red Freedom Warior T-shirt,,Clothing,T-Shirt,Men,Red,,images/FP034317.jpg,Product: Myntra Men Red Freedom Warior T-shirt. Category: Clothing. Subcategory: T-Shirt. Gender: Men. Color: Red.,Fashion Product Images Small,Apparel,Topwear,Tshirts,Tshirts
FP034322,34322,Myntra Men Red Meltdown T-shirt,,Clothing,T-Shirt,Men,Red,,images/FP034322.jpg,Product: Myntra Men Red Meltdown T-shirt. Category: Clothing. Subcategory: T-Shirt. Gender: Men. Color: Red.,Fashion Product Images Small,Apparel,Topwear,Tshirts,Tshirts
FP034326,34326,Myntra Men Circuit Thrash Red T-shirt,,Clothing,T-Shirt,Men,Red,,images/FP034326.jpg,Product: Myntra Men Circuit Thrash Red T-shirt. Category: Clothing. Subcategory: T-Shirt. Gender: Men. Color: Red.,Fashion Product Images Small,Apparel,Topwear,Tshirts,Tshirts
FP034331,34331,Myntra Men Lost Valley Purple T-shirt,,Clothing,T-Shirt,Men,Purple,,images/FP034331.jpg,Product: Myntra Men Lost Valley Purple T-shirt. Category: Clothing. Subcategory: T-Shirt. Gender: Men. Color: Purple.,Fashion Product Images Small,Apparel,Topwear,Tshirts,Tshirts
FP034375,34375,Myntra Men listening T-shirt,,Clothing,T-Shirt,Men,Yellow,,images/FP034375.jpg,Product: Myntra Men listening T-shirt. Category: Clothing. Subcategory: T-Shirt. Gender: Men. Color: Yellow.,Fashion Product Images Small,Apparel,Topwear,Tshirts,Tshirts
FP034401,34401,Myntra Men Black Printed T-shirt,,Clothing,T-Shirt,Men,Black,,images/FP034401.jpg,Product: Myntra Men Black Printed T-shirt. Category: Clothing. Subcategory: T-Shirt. Gender: Men. Color: Black.,Fashion Product Images Small,Apparel,Topwear,Tshirts,Tshirts
FP034509,34509,ADIDAS Women Feather Black & Pink Sandals,,Shoes,Sandals,Women,Black,,images/FP034509.jpg,Product: ADIDAS Women Feather Black & Pink Sandals. Category: Shoes. Subcategory: Sandals. Gender: Women. Color: Black.,Fashion Product Images Small,Footwear,Sandal,Sports Sandals,Exact articleType: Sports Sandals
FP034527,34527,Red Tape Men Brown Sandals,,Shoes,Sandals,Men,Brown,,images/FP034527.jpg,Product: Red Tape Men Brown Sandals. Category: Shoes. Subcategory: Sandals. Gender: Men. Color: Brown.,Fashion Product Images Small,Footwear,Sandal,Sandals,Exact articleType: Sandals
FP034649,34649,Fila Women Artifice Grey Sports Shoes,,Shoes,Sports Shoes,Women,Grey,,images/FP034649.jpg,Product: Fila Women Artifice Grey Sports Shoes. Category: Shoes. Subcategory: Sports Shoes. Gender: Women. Color: Grey.,Fashion Product Images Small,Footwear,Shoes,Sports Shoes,Exact articleType: Sports Shoes
FP034746,34746,Puma Men Match Classics White Shoes,,Shoes,Casual Shoes,Men,White,,images/FP034746.jpg,Product: Puma Men Match Classics White Shoes. Category: Shoes. Subcategory: Casual Shoes. Gender: Men. Color: White.,Fashion Product Images Small,Footwear,Shoes,Casual Shoes,Exact articleType: Casual Shoes
FP034750,34750,Puma Men Black Benecio Shoes,,Shoes,Casual Shoes,Men,Black,,images/FP034750.jpg,Product: Puma Men Black Benecio Shoes. Category: Shoes. Subcategory: Casual Shoes. Gender: Men. Color: Black.,Fashion Product Images Small,Footwear,Shoes,Casual Shoes,Exact articleType: Casual Shoes
FP034827,34827,ADIDAS Men Equale Grey Shoes,,Shoes,Sports Shoes,Men,Grey,,images/FP034827.jpg,Product: ADIDAS Men Equale Grey Shoes. Category: Shoes. Subcategory: Sports Shoes. Gender: Men. Color: Grey.,Fashion Product Images Small,Footwear,Shoes,Sports Shoes,Exact articleType: Sports Shoes
FP035162,35162,Coolers Men Brown Sandals,,Shoes,Sandals,Men,Brown,,images/FP035162.jpg,Product: Coolers Men Brown Sandals. Category: Shoes. Subcategory: Sandals. Gender: Men. Color: Brown.,Fashion Product Images Small,Footwear,Sandal,Sandals,Exact articleType: Sandals
FP035165,35165,Coolers Men Black Sandals,,Shoes,Sandals,Men,Black,,images/FP035165.jpg,Product: Coolers Men Black Sandals. Category: Shoes. Subcategory: Sandals. Gender: Men. Color: Black.,Fashion Product Images Small,Footwear,Sandal,Sandals,Exact articleType: Sandals
FP035219,35219,Fortune Men Brown Shoes,,Shoes,Casual Shoes,Men,Brown,,images/FP035219.jpg,Product: Fortune Men Brown Shoes. Category: Shoes. Subcategory: Casual Shoes. Gender: Men. Color: Brown.,Fashion Product Images Small,Footwear,Shoes,Casual Shoes,Exact articleType: Casual Shoes
FP035237,35237,Fortune Men Black Casual Shoes,,Shoes,Casual Shoes,Men,Black,,images/FP035237.jpg,Product: Fortune Men Black Casual Shoes. Category: Shoes. Subcategory: Casual Shoes. Gender: Men. Color: Black.,Fashion Product Images Small,Footwear,Shoes,Casual Shoes,Exact articleType: Casual Shoes
FP035421,35421,ADIDAS Women Viking White Sports Shoes,,Shoes,Sports Shoes,Women,White,,images/FP035421.jpg,Product: ADIDAS Women Viking White Sports Shoes. Category: Shoes. Subcategory: Sports Shoes. Gender: Women. Color: White.,Fashion Product Images Small,Footwear,Shoes,Sports Shoes,Exact articleType: Sports Shoes
FP035496,35496,Bata Men Grey Sandals,,Shoes,Sandals,Men,Grey,,images/FP035496.jpg,Product: Bata Men Grey Sandals. Category: Shoes. Subcategory: Sandals. Gender: Men. Color: Grey.,Fashion Product Images Small,Footwear,Sandal,Sandals,Exact articleType: Sandals
FP035587,35587,Gliders Men Brown Leather Sandals,,Shoes,Sandals,Men,Brown,,images/FP035587.jpg,Product: Gliders Men Brown Leather Sandals. Category: Shoes. Subcategory: Sandals. Gender: Men. Color: Brown.,Fashion Product Images Small,Footwear,Sandal,Sandals,Exact articleType: Sandals
FP035588,35588,Gliders Men Black Sandals,,Shoes,Sandals,Men,Black,,images/FP035588.jpg,Product: Gliders Men Black Sandals. Category: Shoes. Subcategory: Sandals. Gender: Men. Color: Black.,Fashion Product Images Small,Footwear,Sandal,Sandals,Exact articleType: Sandals
FP035826,35826,Fila Men Cavier White Sports Shoes,,Shoes,Sports Shoes,Men,White,,images/FP035826.jpg,Product: Fila Men Cavier White Sports Shoes. Category: Shoes. Subcategory: Sports Shoes. Gender: Men. Color: White.,Fashion Product Images Small,Footwear,Shoes,Sports Shoes,Exact articleType: Sports Shoes
FP035931,35931,Salomon Men Exit 2 Aero Black Sports Shoes,,Shoes,Sports Shoes,Men,Black,,images/FP035931.jpg,Product: Salomon Men Exit 2 Aero Black Sports Shoes. Category: Shoes. Subcategory: Sports Shoes. Gender: Men. Color: Black.,Fashion Product Images Small,Footwear,Shoes,Sports Shoes,Exact articleType: Sports Shoes
FP036141,36141,Nike Men Free 4.0 V2 Grey Sports Shoes,,Shoes,Sports Shoes,Men,Grey,,images/FP036141.jpg,Product: Nike Men Free 4.0 V2 Grey Sports Shoes. Category: Shoes. Subcategory: Sports Shoes. Gender: Men. Color: Grey.,Fashion Product Images Small,Footwear,Shoes,Sports Shoes,Exact articleType: Sports Shoes
FP036184,36184,Reid & Taylor Men Grey Blue Polo T-shirt,,Clothing,Polo,Men,Blue,,images/FP036184.jpg,Product: Reid & Taylor Men Grey Blue Polo T-shirt. Category: Clothing. Subcategory: Polo. Gender: Men. Color: Blue.,Fashion Product Images Small,Apparel,Topwear,Tshirts,Tshirts + product name contains Polo
FP036225,36225,Nike Men Chukka Go Suede Green Shoes,,Shoes,Casual Shoes,Men,Green,,images/FP036225.jpg,Product: Nike Men Chukka Go Suede Green Shoes. Category: Shoes. Subcategory: Casual Shoes. Gender: Men. Color: Green.,Fashion Product Images Small,Footwear,Shoes,Casual Shoes,Exact articleType: Casual Shoes
FP036247,36247,Mr. Men Charcoal Mr. Funny T-shirt,,Clothing,T-Shirt,Men,Charcoal,,images/FP036247.jpg,Product: Mr. Men Charcoal Mr. Funny T-shirt. Category: Clothing. Subcategory: T-Shirt. Gender: Men. Color: Charcoal.,Fashion Product Images Small,Apparel,Topwear,Tshirts,Tshirts
FP036433,36433,Spinn Men Conniver Black Shoes,,Shoes,Casual Shoes,Men,Black,,images/FP036433.jpg,Product: Spinn Men Conniver Black Shoes. Category: Shoes. Subcategory: Casual Shoes. Gender: Men. Color: Black.,Fashion Product Images Small,Footwear,Shoes,Casual Shoes,Exact articleType: Casual Shoes
FP036438,36438,Spinn Men Cubic Black Sports Shoes,,Shoes,Sports Shoes,Men,Black,,images/FP036438.jpg,Product: Spinn Men Cubic Black Sports Shoes. Category: Shoes. Subcategory: Sports Shoes. Gender: Men. Color: Black.,Fashion Product Images Small,Footwear,Shoes,Sports Shoes,Exact articleType: Sports Shoes
FP036450,36450,Spinn Men Swift Black Sports Shoes,,Shoes,Sports Shoes,Men,Black,,images/FP036450.jpg,Product: Spinn Men Swift Black Sports Shoes. Category: Shoes. Subcategory: Sports Shoes. Gender: Men. Color: Black.,Fashion Product Images Small,Footwear,Shoes,Sports Shoes,Exact articleType: Sports Shoes
FP036458,36458,Spinn Men Texan Black Sports Shoes,,Shoes,Sports Shoes,Men,Black,,images/FP036458.jpg,Product: Spinn Men Texan Black Sports Shoes. Category: Shoes. Subcategory: Sports Shoes. Gender: Men. Color: Black.,Fashion Product Images Small,Footwear,Shoes,Sports Shoes,Exact articleType: Sports Shoes
FP036944,36944,Fila Men DLS Bound White Sports Shoes,,Shoes,Sports Shoes,Men,White,,images/FP036944.jpg,Product: Fila Men DLS Bound White Sports Shoes. Category: Shoes. Subcategory: Sports Shoes. Gender: Men. Color: White.,Fashion Product Images Small,Footwear,Shoes,Sports Shoes,Exact articleType: Sports Shoes
FP036952,36952,Force 10 Women White Shoes,,Shoes,Casual Shoes,Women,White,,images/FP036952.jpg,Product: Force 10 Women White Shoes. Category: Shoes. Subcategory: Casual Shoes. Gender: Women. Color: White.,Fashion Product Images Small,Footwear,Shoes,Casual Shoes,Exact articleType: Casual Shoes
FP037253,37253,United Colors of Benetton Men Blue Shoes,,Shoes,Casual Shoes,Men,Blue,,images/FP037253.jpg,Product: United Colors of Benetton Men Blue Shoes. Category: Shoes. Subcategory: Casual Shoes. Gender: Men. Color: Blue.,Fashion Product Images Small,Footwear,Shoes,Casual Shoes,Exact articleType: Casual Shoes
FP037714,37714,John Players Men Polo Blue T-shirt,,Clothing,Polo,Men,Blue,,images/FP037714.jpg,Product: John Players Men Polo Blue T-shirt. Category: Clothing. Subcategory: Polo. Gender: Men. Color: Blue.,Fashion Product Images Small,Apparel,Topwear,Tshirts,Tshirts + product name contains Polo
FP037716,37716,John Players Men Striped Blue T-shirt,,Clothing,T-Shirt,Men,Blue,,images/FP037716.jpg,Product: John Players Men Striped Blue T-shirt. Category: Clothing. Subcategory: T-Shirt. Gender: Men. Color: Blue.,Fashion Product Images Small,Apparel,Topwear,Tshirts,Tshirts
FP038523,38523,Puma Men Black Surge Shoes,,Shoes,Casual Shoes,Men,Black,,images/FP038523.jpg,Product: Puma Men Black Surge Shoes. Category: Shoes. Subcategory: Casual Shoes. Gender: Men. Color: Black.,Fashion Product Images Small,Footwear,Shoes,Casual Shoes,Exact articleType: Casual Shoes
FP038532,38532,Puma Women Black Sports Shoes,,Shoes,Sports Shoes,Women,Black,,images/FP038532.jpg,Product: Puma Women Black Sports Shoes. Category: Shoes. Subcategory: Sports Shoes. Gender: Women. Color: Black.,Fashion Product Images Small,Footwear,Shoes,Sports Shoes,Exact articleType: Sports Shoes
FP038533,38533,Puma Men White Future Cat Shoes,,Shoes,Casual Shoes,Men,White,,images/FP038533.jpg,Product: Puma Men White Future Cat Shoes. Category: Shoes. Subcategory: Casual Shoes. Gender: Men. Color: White.,Fashion Product Images Small,Footwear,Shoes,Casual Shoes,Exact articleType: Casual Shoes
FP038595,38595,Nike Women Printed Scoop Lavender T-shirt,,Clothing,T-Shirt,Women,Lavender,,images/FP038595.jpg,Product: Nike Women Printed Scoop Lavender T-shirt. Category: Clothing. Subcategory: T-Shirt. Gender: Women. Color: Lavender.,Fashion Product Images Small,Apparel,Topwear,Tshirts,Tshirts
FP038630,38630,Nike Women Purple Polo T-shirt,,Clothing,Polo,Women,Purple,,images/FP038630.jpg,Product: Nike Women Purple Polo T-shirt. Category: Clothing. Subcategory: Polo. Gender: Women. Color: Purple.,Fashion Product Images Small,Apparel,Topwear,Tshirts,Tshirts + product name contains Polo
FP038635,38635,Nike Men Blue Cricket Chennai T-shirt,,Clothing,T-Shirt,Men,Blue,,images/FP038635.jpg,Product: Nike Men Blue Cricket Chennai T-shirt. Category: Clothing. Subcategory: T-Shirt. Gender: Men. Color: Blue.,Fashion Product Images Small,Apparel,Topwear,Tshirts,Tshirts
FP038641,38641,Nike Men Red Bangalore Polo T-shirt,,Clothing,Polo,Men,Red,,images/FP038641.jpg,Product: Nike Men Red Bangalore Polo T-shirt. Category: Clothing. Subcategory: Polo. Gender: Men. Color: Red.,Fashion Product Images Small,Apparel,Topwear,Tshirts,Tshirts + product name contains Polo
FP038762,38762,Nike Women Ballista II White Sports Shoes,,Shoes,Sports Shoes,Women,White,,images/FP038762.jpg,Product: Nike Women Ballista II White Sports Shoes. Category: Shoes. Subcategory: Sports Shoes. Gender: Women. Color: White.,Fashion Product Images Small,Footwear,Shoes,Sports Shoes,Exact articleType: Sports Shoes
FP038774,38774,Woodland Men Brown Shoes,,Shoes,Casual Shoes,Men,Brown,,images/FP038774.jpg,Product: Woodland Men Brown Shoes. Category: Shoes. Subcategory: Casual Shoes. Gender: Men. Color: Brown.,Fashion Product Images Small,Footwear,Shoes,Casual Shoes,Exact articleType: Casual Shoes
FP038787,38787,Woodland Men Brown Sandals,,Shoes,Sandals,Men,Brown,,images/FP038787.jpg,Product: Woodland Men Brown Sandals. Category: Shoes. Subcategory: Sandals. Gender: Men. Color: Brown.,Fashion Product Images Small,Footwear,Sandal,Sandals,Exact articleType: Sandals
FP039267,39267,Red Chief Men Beige Shoes,,Shoes,Casual Shoes,Men,Beige,,images/FP039267.jpg,Product: Red Chief Men Beige Shoes. Category: Shoes. Subcategory: Casual Shoes. Gender: Men. Color: Beige.,Fashion Product Images Small,Footwear,Shoes,Casual Shoes,Exact articleType: Casual Shoes
FP039269,39269,Red Chief Men Beige Shoes,,Shoes,Casual Shoes,Men,Beige,,images/FP039269.jpg,Product: Red Chief Men Beige Shoes. Category: Shoes. Subcategory: Casual Shoes. Gender: Men. Color: Beige.,Fashion Product Images Small,Footwear,Shoes,Casual Shoes,Exact articleType: Casual Shoes
FP039281,39281,Red Chief Men Black Slippers,,Shoes,Sandals,Men,Black,,images/FP039281.jpg,Product: Red Chief Men Black Slippers. Category: Shoes. Subcategory: Sandals. Gender: Men. Color: Black.,Fashion Product Images Small,Footwear,Sandal,Sandals,Exact articleType: Sandals
FP039293,39293,Red Chief Men Brown Sandals,,Shoes,Sandals,Men,Brown,,images/FP039293.jpg,Product: Red Chief Men Brown Sandals. Category: Shoes. Subcategory: Sandals. Gender: Men. Color: Brown.,Fashion Product Images Small,Footwear,Sandal,Sandals,Exact articleType: Sandals
FP039295,39295,Red Chief Men Brown Sandals,,Shoes,Sandals,Men,Brown,,images/FP039295.jpg,Product: Red Chief Men Brown Sandals. Category: Shoes. Subcategory: Sandals. Gender: Men. Color: Brown.,Fashion Product Images Small,Footwear,Sandal,Sandals,Exact articleType: Sandals
FP039595,39595,Catwalk Women Blue Shoes,,Shoes,Casual Shoes,Women,Blue,,images/FP039595.jpg,Product: Catwalk Women Blue Shoes. Category: Shoes. Subcategory: Casual Shoes. Gender: Women. Color: Blue.,Fashion Product Images Small,Footwear,Shoes,Casual Shoes,Exact articleType: Casual Shoes
FP039635,39635,Nike Men Kukini Black Sports Shoes,,Shoes,Sports Shoes,Men,Black,,images/FP039635.jpg,Product: Nike Men Kukini Black Sports Shoes. Category: Shoes. Subcategory: Sports Shoes. Gender: Men. Color: Black.,Fashion Product Images Small,Footwear,Shoes,Sports Shoes,Exact articleType: Sports Shoes
FP039639,39639,Lotto Men Black Shoes,,Shoes,Casual Shoes,Men,Black,,images/FP039639.jpg,Product: Lotto Men Black Shoes. Category: Shoes. Subcategory: Casual Shoes. Gender: Men. Color: Black.,Fashion Product Images Small,Footwear,Shoes,Casual Shoes,Exact articleType: Casual Shoes
FP039653,39653,Lotto Men White Sports Shoes,,Shoes,Sports Shoes,Men,White,,images/FP039653.jpg,Product: Lotto Men White Sports Shoes. Category: Shoes. Subcategory: Sports Shoes. Gender: Men. Color: White.,Fashion Product Images Small,Footwear,Shoes,Sports Shoes,Exact articleType: Sports Shoes
FP039670,39670,Lotto Men White Sports Shoes,,Shoes,Sports Shoes,Men,White,,images/FP039670.jpg,Product: Lotto Men White Sports Shoes. Category: Shoes. Subcategory: Sports Shoes. Gender: Men. Color: White.,Fashion Product Images Small,Footwear,Shoes,Sports Shoes,Exact articleType: Sports Shoes
FP039676,39676,Lotto Men White Shoes,,Shoes,Casual Shoes,Men,White,,images/FP039676.jpg,Product: Lotto Men White Shoes. Category: Shoes. Subcategory: Casual Shoes. Gender: Men. Color: White.,Fashion Product Images Small,Footwear,Shoes,Casual Shoes,Exact articleType: Casual Shoes
FP039822,39822,Red Tape Men Brown Sandals,,Shoes,Sandals,Men,Brown,,images/FP039822.jpg,Product: Red Tape Men Brown Sandals. Category: Shoes. Subcategory: Sandals. Gender: Men. Color: Brown.,Fashion Product Images Small,Footwear,Sandal,Sandals,Exact articleType: Sandals
FP039823,39823,Red Tape Men Brown Sandals,,Shoes,Sandals,Men,Brown,,images/FP039823.jpg,Product: Red Tape Men Brown Sandals. Category: Shoes. Subcategory: Sandals. Gender: Men. Color: Brown.,Fashion Product Images Small,Footwear,Sandal,Sandals,Exact articleType: Sandals
FP039828,39828,Red Tape Men Black Sandals,,Shoes,Sandals,Men,Black,,images/FP039828.jpg,Product: Red Tape Men Black Sandals. Category: Shoes. Subcategory: Sandals. Gender: Men. Color: Black.,Fashion Product Images Small,Footwear,Sandal,Sandals,Exact articleType: Sandals
FP039887,39887,ADIDAS Men White Twenty2Yds Sports Shoes,,Shoes,Sports Shoes,Men,White,,images/FP039887.jpg,Product: ADIDAS Men White Twenty2Yds Sports Shoes. Category: Shoes. Subcategory: Sports Shoes. Gender: Men. Color: White.,Fashion Product Images Small,Footwear,Shoes,Sports Shoes,Exact articleType: Sports Shoes
FP039909,39909,ADIDAS Men Orange F10 Sports Shoes,,Shoes,Sports Shoes,Men,Orange,,images/FP039909.jpg,Product: ADIDAS Men Orange F10 Sports Shoes. Category: Shoes. Subcategory: Sports Shoes. Gender: Men. Color: Orange.,Fashion Product Images Small,Footwear,Shoes,Sports Shoes,Exact articleType: Sports Shoes
FP039943,39943,GAS Men Brown Count Casual Shoes,,Shoes,Casual Shoes,Men,Brown,,images/FP039943.jpg,Product: GAS Men Brown Count Casual Shoes. Category: Shoes. Subcategory: Casual Shoes. Gender: Men. Color: Brown.,Fashion Product Images Small,Footwear,Shoes,Casual Shoes,Exact articleType: Casual Shoes
FP039959,39959,GAS Men Brown Deeply Sandals,,Shoes,Sandals,Men,Brown,,images/FP039959.jpg,Product: GAS Men Brown Deeply Sandals. Category: Shoes. Subcategory: Sandals. Gender: Men. Color: Brown.,Fashion Product Images Small,Footwear,Sandal,Sandals,Exact articleType: Sandals
FP039966,39966,Gas Men Red & Brown Clapton Shoes,,Shoes,Casual Shoes,Men,Red,,images/FP039966.jpg,Product: Gas Men Red & Brown Clapton Shoes. Category: Shoes. Subcategory: Casual Shoes. Gender: Men. Color: Red.,Fashion Product Images Small,Footwear,Shoes,Casual Shoes,Exact articleType: Casual Shoes
FP039972,39972,GAS Men Grey Campus Casual Shoes,,Shoes,Casual Shoes,Men,Grey,,images/FP039972.jpg,Product: GAS Men Grey Campus Casual Shoes. Category: Shoes. Subcategory: Casual Shoes. Gender: Men. Color: Grey.,Fashion Product Images Small,Footwear,Shoes,Casual Shoes,Exact articleType: Casual Shoes
FP039985,39985,Gas Men Mila Olive Shoes,,Shoes,Casual Shoes,Men,Olive,,images/FP039985.jpg,Product: Gas Men Mila Olive Shoes. Category: Shoes. Subcategory: Casual Shoes. Gender: Men. Color: Olive.,Fashion Product Images Small,Footwear,Shoes,Casual Shoes,Exact articleType: Casual Shoes
FP039992,39992,Gas Men Romance White Shoes,,Shoes,Casual Shoes,Men,White,,images/FP039992.jpg,Product: Gas Men Romance White Shoes. Category: Shoes. Subcategory: Casual Shoes. Gender: Men. Color: White.,Fashion Product Images Small,Footwear,Shoes,Casual Shoes,Exact articleType: Casual Shoes
FP039993,39993,Gas Men Draw Black Shoes,,Shoes,Casual Shoes,Men,Black,,images/FP039993.jpg,Product: Gas Men Draw Black Shoes. Category: Shoes. Subcategory: Casual Shoes. Gender: Men. Color: Black.,Fashion Product Images Small,Footwear,Shoes,Casual Shoes,Exact articleType: Casual Shoes
FP040047,40047,ADIDAS Men Black T-shirt,,Clothing,T-Shirt,Men,Black,,images/FP040047.jpg,Product: ADIDAS Men Black T-shirt. Category: Clothing. Subcategory: T-Shirt. Gender: Men. Color: Black.,Fashion Product Images Small,Apparel,Topwear,Tshirts,Tshirts
FP040051,40051,ADIDAS Men Navy Messi Track Jacket,,Clothing,Jacket,Men,Navy Blue,,images/FP040051.jpg,Product: ADIDAS Men Navy Messi Track Jacket. Category: Clothing. Subcategory: Jacket. Gender: Men. Color: Navy Blue.,Fashion Product Images Small,Apparel,Topwear,Jackets,Exact articleType: Jackets
FP040060,40060,ADIDAS Men White T-shirt,,Clothing,T-Shirt,Men,White,,images/FP040060.jpg,Product: ADIDAS Men White T-shirt. Category: Clothing. Subcategory: T-Shirt. Gender: Men. Color: White.,Fashion Product Images Small,Apparel,Topwear,Tshirts,Tshirts
FP040083,40083,ADIDAS Women White T-shirt,,Clothing,T-Shirt,Women,White,,images/FP040083.jpg,Product: ADIDAS Women White T-shirt. Category: Clothing. Subcategory: T-Shirt. Gender: Women. Color: White.,Fashion Product Images Small,Apparel,Topwear,Tshirts,Tshirts
FP040103,40103,ADIDAS Men Navy Blue T-shirt,,Clothing,T-Shirt,Men,Navy Blue,,images/FP040103.jpg,Product: ADIDAS Men Navy Blue T-shirt. Category: Clothing. Subcategory: T-Shirt. Gender: Men. Color: Navy Blue.,Fashion Product Images Small,Apparel,Topwear,Tshirts,Tshirts
FP040286,40286,Warner Bros Kids Unisex Purple Sandals,,Shoes,Sandals,Unisex,Purple,,images/FP040286.jpg,Product: Warner Bros Kids Unisex Purple Sandals. Category: Shoes. Subcategory: Sandals. Gender: Unisex. Color: Purple.,Fashion Product Images Small,Footwear,Sandal,Sandals,Exact articleType: Sandals
FP040310,40310,Warner Bros Kids White & Green Sports Sandals,,Shoes,Sandals,Unisex,White,,images/FP040310.jpg,Product: Warner Bros Kids White & Green Sports Sandals. Category: Shoes. Subcategory: Sandals. Gender: Unisex. Color: White.,Fashion Product Images Small,Footwear,Sandal,Sports Sandals,Exact articleType: Sports Sandals
FP040325,40325,ADIDAS Men White Sport Shoes,,Shoes,Sports Shoes,Men,White,,images/FP040325.jpg,Product: ADIDAS Men White Sport Shoes. Category: Shoes. Subcategory: Sports Shoes. Gender: Men. Color: White.,Fashion Product Images Small,Footwear,Shoes,Sports Shoes,Exact articleType: Sports Shoes
FP040457,40457,Red Tape Men Brown Casual Shoes,,Shoes,Casual Shoes,Men,Brown,,images/FP040457.jpg,Product: Red Tape Men Brown Casual Shoes. Category: Shoes. Subcategory: Casual Shoes. Gender: Men. Color: Brown.,Fashion Product Images Small,Footwear,Shoes,Casual Shoes,Exact articleType: Casual Shoes
FP040774,40774,Quiksilver Men Black Casual Shoes,,Shoes,Casual Shoes,Men,Black,,images/FP040774.jpg,Product: Quiksilver Men Black Casual Shoes. Category: Shoes. Subcategory: Casual Shoes. Gender: Men. Color: Black.,Fashion Product Images Small,Footwear,Shoes,Casual Shoes,Exact articleType: Casual Shoes
FP041074,41074,Lotto Men Black Sandals,,Shoes,Sandals,Men,Black,,images/FP041074.jpg,Product: Lotto Men Black Sandals. Category: Shoes. Subcategory: Sandals. Gender: Men. Color: Black.,Fashion Product Images Small,Footwear,Sandal,Sports Sandals,Exact articleType: Sports Sandals
FP041406,41406,Wrangler Women Pink T-shirt,,Clothing,T-Shirt,Women,Pink,,images/FP041406.jpg,Product: Wrangler Women Pink T-shirt. Category: Clothing. Subcategory: T-Shirt. Gender: Women. Color: Pink.,Fashion Product Images Small,Apparel,Topwear,Tshirts,Tshirts
FP041457,41457,Lee Cooper Men Blue Sandals,,Shoes,Sandals,Men,Blue,,images/FP041457.jpg,Product: Lee Cooper Men Blue Sandals. Category: Shoes. Subcategory: Sandals. Gender: Men. Color: Blue.,Fashion Product Images Small,Footwear,Sandal,Sandals,Exact articleType: Sandals
FP041460,41460,Lee Cooper Men Black & Beige Sandals,,Shoes,Sandals,Men,Black,,images/FP041460.jpg,Product: Lee Cooper Men Black & Beige Sandals. Category: Shoes. Subcategory: Sandals. Gender: Men. Color: Black.,Fashion Product Images Small,Footwear,Sandal,Sandals,Exact articleType: Sandals
FP041486,41486,Locomotive Men Blue T-shirt,,Clothing,T-Shirt,Men,Navy Blue,,images/FP041486.jpg,Product: Locomotive Men Blue T-shirt. Category: Clothing. Subcategory: T-Shirt. Gender: Men. Color: Navy Blue.,Fashion Product Images Small,Apparel,Topwear,Tshirts,Tshirts
FP041869,41869,Estd. 1977 Men Yellow & Brown Sandals,,Shoes,Sandals,Men,Yellow,,images/FP041869.jpg,Product: Estd. 1977 Men Yellow & Brown Sandals. Category: Shoes. Subcategory: Sandals. Gender: Men. Color: Yellow.,Fashion Product Images Small,Footwear,Sandal,Sandals,Exact articleType: Sandals
FP041870,41870,Estd. 1977 Men Black Sandals,,Shoes,Sandals,Men,Black,,images/FP041870.jpg,Product: Estd. 1977 Men Black Sandals. Category: Shoes. Subcategory: Sandals. Gender: Men. Color: Black.,Fashion Product Images Small,Footwear,Sandal,Sandals,Exact articleType: Sandals
FP041877,41877,Estd. 1977 Men Brown Sandals,,Shoes,Sandals,Men,Brown,,images/FP041877.jpg,Product: Estd. 1977 Men Brown Sandals. Category: Shoes. Subcategory: Sandals. Gender: Men. Color: Brown.,Fashion Product Images Small,Footwear,Sandal,Sandals,Exact articleType: Sandals
FP041878,41878,Estd. 1977 Men Beige Sandals,,Shoes,Sandals,Men,Brown,,images/FP041878.jpg,Product: Estd. 1977 Men Beige Sandals. Category: Shoes. Subcategory: Sandals. Gender: Men. Color: Brown.,Fashion Product Images Small,Footwear,Sandal,Sandals,Exact articleType: Sandals
FP042015,42015,ADIDAS Men White Vermont Shoes,,Shoes,Sports Shoes,Men,White,,images/FP042015.jpg,Product: ADIDAS Men White Vermont Shoes. Category: Shoes. Subcategory: Sports Shoes. Gender: Men. Color: White.,Fashion Product Images Small,Footwear,Shoes,Sports Shoes,Exact articleType: Sports Shoes
FP042021,42021,ADIDAS Women Black Vigor Shoes,,Shoes,Casual Shoes,Women,Black,,images/FP042021.jpg,Product: ADIDAS Women Black Vigor Shoes. Category: Shoes. Subcategory: Casual Shoes. Gender: Women. Color: Black.,Fashion Product Images Small,Footwear,Shoes,Casual Shoes,Exact articleType: Casual Shoes
FP042085,42085,ADIDAS Men White Sports Shoes,,Shoes,Sports Shoes,Men,White,,images/FP042085.jpg,Product: ADIDAS Men White Sports Shoes. Category: Shoes. Subcategory: Sports Shoes. Gender: Men. Color: White.,Fashion Product Images Small,Footwear,Shoes,Sports Shoes,Exact articleType: Sports Shoes
FP042089,42089,ADIDAS Men White Corona Sports Shoes,,Shoes,Sports Shoes,Men,White,,images/FP042089.jpg,Product: ADIDAS Men White Corona Sports Shoes. Category: Shoes. Subcategory: Sports Shoes. Gender: Men. Color: White.,Fashion Product Images Small,Footwear,Shoes,Sports Shoes,Exact articleType: Sports Shoes
FP042094,42094,ADIDAS Men Silver Adi Quest Sports Shoes,,Shoes,Sports Shoes,Men,Silver,,images/FP042094.jpg,Product: ADIDAS Men Silver Adi Quest Sports Shoes. Category: Shoes. Subcategory: Sports Shoes. Gender: Men. Color: Silver.,Fashion Product Images Small,Footwear,Shoes,Sports Shoes,Exact articleType: Sports Shoes
FP042102,42102,ADIDAS Men Black T-shirt,,Clothing,T-Shirt,Men,Black,,images/FP042102.jpg,Product: ADIDAS Men Black T-shirt. Category: Clothing. Subcategory: T-Shirt. Gender: Men. Color: Black.,Fashion Product Images Small,Apparel,Topwear,Tshirts,Tshirts
FP042148,42148,Nike Women White Diffusion Sports Shoes,,Shoes,Sports Shoes,Women,White,,images/FP042148.jpg,Product: Nike Women White Diffusion Sports Shoes. Category: Shoes. Subcategory: Sports Shoes. Gender: Women. Color: White.,Fashion Product Images Small,Footwear,Shoes,Sports Shoes,Exact articleType: Sports Shoes
FP042992,42992,Nike Men White Ballista Sports Shoes,,Shoes,Sports Shoes,Men,White,,images/FP042992.jpg,Product: Nike Men White Ballista Sports Shoes. Category: Shoes. Subcategory: Sports Shoes. Gender: Men. Color: White.,Fashion Product Images Small,Footwear,Shoes,Sports Shoes,Exact articleType: Sports Shoes
FP042995,42995,Nike Women Black Air Total Sports Shoes,,Shoes,Sports Shoes,Women,Black,,images/FP042995.jpg,Product: Nike Women Black Air Total Sports Shoes. Category: Shoes. Subcategory: Sports Shoes. Gender: Women. Color: Black.,Fashion Product Images Small,Footwear,Shoes,Sports Shoes,Exact articleType: Sports Shoes
FP043068,43068,Nike Men Red Portugal Football T-shirt,,Clothing,T-Shirt,Men,Red,,images/FP043068.jpg,Product: Nike Men Red Portugal Football T-shirt. Category: Clothing. Subcategory: T-Shirt. Gender: Men. Color: Red.,Fashion Product Images Small,Apparel,Topwear,Tshirts,Tshirts
FP043336,43336,Reebok Men White Turbo Sports Shoes,,Shoes,Sports Shoes,Men,White,,images/FP043336.jpg,Product: Reebok Men White Turbo Sports Shoes. Category: Shoes. Subcategory: Sports Shoes. Gender: Men. Color: White.,Fashion Product Images Small,Footwear,Shoes,Sports Shoes,Exact articleType: Sports Shoes
FP043350,43350,Reebok Men Black Fuel Extreme Sports Shoes,,Shoes,Sports Shoes,Men,Black,,images/FP043350.jpg,Product: Reebok Men Black Fuel Extreme Sports Shoes. Category: Shoes. Subcategory: Sports Shoes. Gender: Men. Color: Black.,Fashion Product Images Small,Footwear,Shoes,Sports Shoes,Exact articleType: Sports Shoes
FP043353,43353,Reebok Men Black Fuel Extreme Sports Shoes,,Shoes,Sports Shoes,Men,Black,,images/FP043353.jpg,Product: Reebok Men Black Fuel Extreme Sports Shoes. Category: Shoes. Subcategory: Sports Shoes. Gender: Men. Color: Black.,Fashion Product Images Small,Footwear,Shoes,Sports Shoes,Exact articleType: Sports Shoes
FP043377,43377,Reebok Men Navy Blue Coalition Sandals,,Shoes,Sandals,Men,Navy Blue,,images/FP043377.jpg,Product: Reebok Men Navy Blue Coalition Sandals. Category: Shoes. Subcategory: Sandals. Gender: Men. Color: Navy Blue.,Fashion Product Images Small,Footwear,Sandal,Sandals,Exact articleType: Sandals
FP043477,43477,Woodland Men Khaki Shoes,,Shoes,Casual Shoes,Men,Khaki,,images/FP043477.jpg,Product: Woodland Men Khaki Shoes. Category: Shoes. Subcategory: Casual Shoes. Gender: Men. Color: Khaki.,Fashion Product Images Small,Footwear,Shoes,Casual Shoes,Exact articleType: Casual Shoes
FP043493,43493,French Connection Men Green T-shirt,,Clothing,T-Shirt,Men,Green,,images/FP043493.jpg,Product: French Connection Men Green T-shirt. Category: Clothing. Subcategory: T-Shirt. Gender: Men. Color: Green.,Fashion Product Images Small,Apparel,Topwear,Tshirts,Tshirts
FP043547,43547,Woodland Men Brown Sandals,,Shoes,Sandals,Men,Brown,,images/FP043547.jpg,Product: Woodland Men Brown Sandals. Category: Shoes. Subcategory: Sandals. Gender: Men. Color: Brown.,Fashion Product Images Small,Footwear,Sandal,Sandals,Exact articleType: Sandals
FP043872,43872,Puma Men Blue Driving Power Lo Shoes,,Shoes,Casual Shoes,Men,Black,,images/FP043872.jpg,Product: Puma Men Blue Driving Power Lo Shoes. Category: Shoes. Subcategory: Casual Shoes. Gender: Men. Color: Black.,Fashion Product Images Small,Footwear,Shoes,Casual Shoes,Exact articleType: Casual Shoes
FP043880,43880,Puma Men Navy Blue Contest Lo Shoes,,Shoes,Casual Shoes,Men,Navy Blue,,images/FP043880.jpg,Product: Puma Men Navy Blue Contest Lo Shoes. Category: Shoes. Subcategory: Casual Shoes. Gender: Men. Color: Navy Blue.,Fashion Product Images Small,Footwear,Shoes,Casual Shoes,Exact articleType: Casual Shoes
FP043887,43887,Puma Women Black Wynne  Shoes,,Shoes,Casual Shoes,Women,Black,,images/FP043887.jpg,Product: Puma Women Black Wynne  Shoes. Category: Shoes. Subcategory: Casual Shoes. Gender: Women. Color: Black.,Fashion Product Images Small,Footwear,Shoes,Casual Shoes,Exact articleType: Casual Shoes
FP044224,44224,Nike Men Orange Football Tshirt,,Clothing,T-Shirt,Men,Orange,,images/FP044224.jpg,Product: Nike Men Orange Football Tshirt. Category: Clothing. Subcategory: T-Shirt. Gender: Men. Color: Orange.,Fashion Product Images Small,Apparel,Topwear,Tshirts,Tshirts
FP044228,44228,Nike Women Downshifter 4 MSL White Sports Shoes,,Shoes,Sports Shoes,Women,White,,images/FP044228.jpg,Product: Nike Women Downshifter 4 MSL White Sports Shoes. Category: Shoes. Subcategory: Sports Shoes. Gender: Women. Color: White.,Fashion Product Images Small,Footwear,Shoes,Sports Shoes,Exact articleType: Sports Shoes
FP044287,44287,Indian Terrain Men Purple T-shirt,,Clothing,T-Shirt,Men,Purple,,images/FP044287.jpg,Product: Indian Terrain Men Purple T-shirt. Category: Clothing. Subcategory: T-Shirt. Gender: Men. Color: Purple.,Fashion Product Images Small,Apparel,Topwear,Tshirts,Tshirts
FP044443,44443,Gliders Men Black & Brown Volant Sandals,,Shoes,Sandals,Men,Black,,images/FP044443.jpg,Product: Gliders Men Black & Brown Volant Sandals. Category: Shoes. Subcategory: Sandals. Gender: Men. Color: Black.,Fashion Product Images Small,Footwear,Sandal,Sandals,Exact articleType: Sandals
FP044448,44448,Gliders Men Black Sandals,,Shoes,Sandals,Men,Black,,images/FP044448.jpg,Product: Gliders Men Black Sandals. Category: Shoes. Subcategory: Sandals. Gender: Men. Color: Black.,Fashion Product Images Small,Footwear,Sandal,Sandals,Exact articleType: Sandals
FP044521,44521,Coolers Men Black Sandals,,Shoes,Sandals,Men,Black,,images/FP044521.jpg,Product: Coolers Men Black Sandals. Category: Shoes. Subcategory: Sandals. Gender: Men. Color: Black.,Fashion Product Images Small,Footwear,Sandal,Sandals,Exact articleType: Sandals
FP044528,44528,Coolers Men Black Sandals,,Shoes,Sandals,Men,Black,,images/FP044528.jpg,Product: Coolers Men Black Sandals. Category: Shoes. Subcategory: Sandals. Gender: Men. Color: Black.,Fashion Product Images Small,Footwear,Sandal,Sandals,Exact articleType: Sandals
FP044541,44541,Coolers Men Black Sandals,,Shoes,Sandals,Men,Black,,images/FP044541.jpg,Product: Coolers Men Black Sandals. Category: Shoes. Subcategory: Sandals. Gender: Men. Color: Black.,Fashion Product Images Small,Footwear,Sandal,Sandals,Exact articleType: Sandals
FP044568,44568,Coolers Men Brown Sandals,,Shoes,Sandals,Men,Brown,,images/FP044568.jpg,Product: Coolers Men Brown Sandals. Category: Shoes. Subcategory: Sandals. Gender: Men. Color: Brown.,Fashion Product Images Small,Footwear,Sandal,Sandals,Exact articleType: Sandals
FP044614,44614,Salomon Men Black Synapse Mid Sports Shoes,,Shoes,Sports Shoes,Men,Black,,images/FP044614.jpg,Product: Salomon Men Black Synapse Mid Sports Shoes. Category: Shoes. Subcategory: Sports Shoes. Gender: Men. Color: Black.,Fashion Product Images Small,Footwear,Shoes,Sports Shoes,Exact articleType: Sports Shoes
FP044748,44748,Globalite Men White Dribble Shoes,,Shoes,Casual Shoes,Men,White,,images/FP044748.jpg,Product: Globalite Men White Dribble Shoes. Category: Shoes. Subcategory: Casual Shoes. Gender: Men. Color: White.,Fashion Product Images Small,Footwear,Shoes,Casual Shoes,Exact articleType: Casual Shoes
FP044855,44855,Puma Men Red Polo Neck T-shirt,,Clothing,Polo,Men,Red,,images/FP044855.jpg,Product: Puma Men Red Polo Neck T-shirt. Category: Clothing. Subcategory: Polo. Gender: Men. Color: Red.,Fashion Product Images Small,Apparel,Topwear,Tshirts,Tshirts + product name contains Polo
FP044858,44858,Puma Men Red T-shirt,,Clothing,T-Shirt,Men,Red,,images/FP044858.jpg,Product: Puma Men Red T-shirt. Category: Clothing. Subcategory: T-Shirt. Gender: Men. Color: Red.,Fashion Product Images Small,Apparel,Topwear,Tshirts,Tshirts
FP044873,44873,Puma Men White Summer T-shirt,,Clothing,T-Shirt,Men,White,,images/FP044873.jpg,Product: Puma Men White Summer T-shirt. Category: Clothing. Subcategory: T-Shirt. Gender: Men. Color: White.,Fashion Product Images Small,Apparel,Topwear,Tshirts,Tshirts
FP044886,44886,Puma Men Black Polo T-shirt,,Clothing,Polo,Men,Black,,images/FP044886.jpg,Product: Puma Men Black Polo T-shirt. Category: Clothing. Subcategory: Polo. Gender: Men. Color: Black.,Fashion Product Images Small,Apparel,Topwear,Tshirts,Tshirts + product name contains Polo
FP046080,46080,ADIDAS Men Blue Sports Shoes,,Shoes,Sports Shoes,Men,Blue,,images/FP046080.jpg,Product: ADIDAS Men Blue Sports Shoes. Category: Shoes. Subcategory: Sports Shoes. Gender: Men. Color: Blue.,Fashion Product Images Small,Footwear,Shoes,Sports Shoes,Exact articleType: Sports Shoes
FP046082,46082,ADIDAS Women White Vermont Sports Shoes,,Shoes,Sports Shoes,Women,White,,images/FP046082.jpg,Product: ADIDAS Women White Vermont Sports Shoes. Category: Shoes. Subcategory: Sports Shoes. Gender: Women. Color: White.,Fashion Product Images Small,Footwear,Shoes,Sports Shoes,Exact articleType: Sports Shoes
FP046121,46121,Wildcraft Women Black Jacket,,Clothing,Jacket,Women,Black,,images/FP046121.jpg,Product: Wildcraft Women Black Jacket. Category: Clothing. Subcategory: Jacket. Gender: Women. Color: Black.,Fashion Product Images Small,Apparel,Topwear,Jackets,Exact articleType: Jackets
FP046335,46335,Reebok Women Black Zignano Race Sports Shoes,,Shoes,Sports Shoes,Women,Black,,images/FP046335.jpg,Product: Reebok Women Black Zignano Race Sports Shoes. Category: Shoes. Subcategory: Sports Shoes. Gender: Women. Color: Black.,Fashion Product Images Small,Footwear,Shoes,Sports Shoes,Exact articleType: Sports Shoes
FP046401,46401,ADIDAS Men Grey Reversible Sweatshirt,,Clothing,Sweatshirt,Men,Grey,,images/FP046401.jpg,Product: ADIDAS Men Grey Reversible Sweatshirt. Category: Clothing. Subcategory: Sweatshirt. Gender: Men. Color: Grey.,Fashion Product Images Small,Apparel,Topwear,Sweatshirts,Exact articleType: Sweatshirts
FP046409,46409,ADIDAS Men Blue Printed T-shirt,,Clothing,T-Shirt,Men,Blue,,images/FP046409.jpg,Product: ADIDAS Men Blue Printed T-shirt. Category: Clothing. Subcategory: T-Shirt. Gender: Men. Color: Blue.,Fashion Product Images Small,Apparel,Topwear,Tshirts,Tshirts
FP046412,46412,ADIDAS Men White & Blue Jacket,,Clothing,Jacket,Men,White,,images/FP046412.jpg,Product: ADIDAS Men White & Blue Jacket. Category: Clothing. Subcategory: Jacket. Gender: Men. Color: White.,Fashion Product Images Small,Apparel,Topwear,Jackets,Exact articleType: Jackets
FP046413,46413,ADIDAS Men Graphic Purple T-shirt,,Clothing,T-Shirt,Men,Purple,,images/FP046413.jpg,Product: ADIDAS Men Graphic Purple T-shirt. Category: Clothing. Subcategory: T-Shirt. Gender: Men. Color: Purple.,Fashion Product Images Small,Apparel,Topwear,Tshirts,Tshirts
FP046797,46797,Nike Men Grey Air Pegasus Sports Shoes,,Shoes,Sports Shoes,Men,Grey,,images/FP046797.jpg,Product: Nike Men Grey Air Pegasus Sports Shoes. Category: Shoes. Subcategory: Sports Shoes. Gender: Men. Color: Grey.,Fashion Product Images Small,Footwear,Shoes,Sports Shoes,Exact articleType: Sports Shoes
FP046798,46798,Nike Men White & Yellow Sports Shoes,,Shoes,Sports Shoes,Men,White,,images/FP046798.jpg,Product: Nike Men White & Yellow Sports Shoes. Category: Shoes. Subcategory: Sports Shoes. Gender: Men. Color: White.,Fashion Product Images Small,Footwear,Shoes,Sports Shoes,Exact articleType: Sports Shoes
FP046801,46801,Nike Men Grey & White Sports Shoes,,Shoes,Sports Shoes,Men,Grey,,images/FP046801.jpg,Product: Nike Men Grey & White Sports Shoes. Category: Shoes. Subcategory: Sports Shoes. Gender: Men. Color: Grey.,Fashion Product Images Small,Footwear,Shoes,Sports Shoes,Exact articleType: Sports Shoes
FP047177,47177,Ganuchi Men Black Sandals,,Shoes,Sandals,Men,Black,,images/FP047177.jpg,Product: Ganuchi Men Black Sandals. Category: Shoes. Subcategory: Sandals. Gender: Men. Color: Black.,Fashion Product Images Small,Footwear,Sandal,Sandals,Exact articleType: Sandals
FP047196,47196,Franco Leone Men Brown Sandals,,Shoes,Sandals,Men,Brown,,images/FP047196.jpg,Product: Franco Leone Men Brown Sandals. Category: Shoes. Subcategory: Sandals. Gender: Men. Color: Brown.,Fashion Product Images Small,Footwear,Sandal,Sandals,Exact articleType: Sandals
FP047222,47222,Franco Leone Men Brown Sandals,,Shoes,Sandals,Men,Brown,,images/FP047222.jpg,Product: Franco Leone Men Brown Sandals. Category: Shoes. Subcategory: Sandals. Gender: Men. Color: Brown.,Fashion Product Images Small,Footwear,Sandal,Sandals,Exact articleType: Sandals
FP047243,47243,Playboy Men Red Casual Shoes,,Shoes,Casual Shoes,Men,Red,,images/FP047243.jpg,Product: Playboy Men Red Casual Shoes. Category: Shoes. Subcategory: Casual Shoes. Gender: Men. Color: Red.,Fashion Product Images Small,Footwear,Shoes,Casual Shoes,Exact articleType: Casual Shoes
FP047633,47633,Carlton London Women Magenta Shoes,,Shoes,Casual Shoes,Women,Magenta,,images/FP047633.jpg,Product: Carlton London Women Magenta Shoes. Category: Shoes. Subcategory: Casual Shoes. Gender: Women. Color: Magenta.,Fashion Product Images Small,Footwear,Shoes,Casual Shoes,Exact articleType: Casual Shoes
FP048078,48078,French Connection Men Blue T-shirt,,Clothing,T-Shirt,Men,Blue,,images/FP048078.jpg,Product: French Connection Men Blue T-shirt. Category: Clothing. Subcategory: T-Shirt. Gender: Men. Color: Blue.,Fashion Product Images Small,Apparel,Topwear,Tshirts,Tshirts
FP048448,48448,French Connection Men Purple T-shirt,,Clothing,T-Shirt,Men,Purple,,images/FP048448.jpg,Product: French Connection Men Purple T-shirt. Category: Clothing. Subcategory: T-Shirt. Gender: Men. Color: Purple.,Fashion Product Images Small,Apparel,Topwear,Tshirts,Tshirts
FP049460,49460,Vans Unisex Wine Authentic Shoes,,Shoes,Casual Shoes,Unisex,Purple,,images/FP049460.jpg,Product: Vans Unisex Wine Authentic Shoes. Category: Shoes. Subcategory: Casual Shoes. Gender: Unisex. Color: Purple.,Fashion Product Images Small,Footwear,Shoes,Casual Shoes,Exact articleType: Casual Shoes
FP049501,49501,Vans Men Navy Blue Shoes,,Shoes,Casual Shoes,Men,Navy Blue,,images/FP049501.jpg,Product: Vans Men Navy Blue Shoes. Category: Shoes. Subcategory: Casual Shoes. Gender: Men. Color: Navy Blue.,Fashion Product Images Small,Footwear,Shoes,Casual Shoes,Exact articleType: Casual Shoes
FP049503,49503,Vans Men Black Casual Shoes,,Shoes,Casual Shoes,Men,Black,,images/FP049503.jpg,Product: Vans Men Black Casual Shoes. Category: Shoes. Subcategory: Casual Shoes. Gender: Men. Color: Black.,Fashion Product Images Small,Footwear,Shoes,Casual Shoes,Exact articleType: Casual Shoes
FP050727,50727,Red Chief Men Khaki Shoes,,Shoes,Casual Shoes,Men,Khaki,,images/FP050727.jpg,Product: Red Chief Men Khaki Shoes. Category: Shoes. Subcategory: Casual Shoes. Gender: Men. Color: Khaki.,Fashion Product Images Small,Footwear,Shoes,Casual Shoes,Exact articleType: Casual Shoes
FP050729,50729,Red Chief Men Black Sandals,,Shoes,Sandals,Men,Black,,images/FP050729.jpg,Product: Red Chief Men Black Sandals. Category: Shoes. Subcategory: Sandals. Gender: Men. Color: Black.,Fashion Product Images Small,Footwear,Sandal,Sandals,Exact articleType: Sandals
FP050749,50749,Red Chief Men Brown Shoes,,Shoes,Casual Shoes,Men,Brown,,images/FP050749.jpg,Product: Red Chief Men Brown Shoes. Category: Shoes. Subcategory: Casual Shoes. Gender: Men. Color: Brown.,Fashion Product Images Small,Footwear,Shoes,Casual Shoes,Exact articleType: Casual Shoes
FP050760,50760,Red Chief Men Khaki Sandals,,Shoes,Sandals,Men,Khaki,,images/FP050760.jpg,Product: Red Chief Men Khaki Sandals. Category: Shoes. Subcategory: Sandals. Gender: Men. Color: Khaki.,Fashion Product Images Small,Footwear,Sandal,Sandals,Exact articleType: Sandals
FP050763,50763,Red Chief Men Navy Blue Sandals,,Shoes,Sandals,Men,Navy Blue,,images/FP050763.jpg,Product: Red Chief Men Navy Blue Sandals. Category: Shoes. Subcategory: Sandals. Gender: Men. Color: Navy Blue.,Fashion Product Images Small,Footwear,Sandal,Sandals,Exact articleType: Sandals
FP051333,51333,Wildcraft Men Beige Wind Cheater Jackets,,Clothing,Jacket,Men,Beige,,images/FP051333.jpg,Product: Wildcraft Men Beige Wind Cheater Jackets. Category: Clothing. Subcategory: Jacket. Gender: Men. Color: Beige.,Fashion Product Images Small,Apparel,Topwear,Jackets,Exact articleType: Jackets
FP051753,51753,Catwalk Women Grey Pumps,,Shoes,Casual Shoes,Women,Grey,,images/FP051753.jpg,Product: Catwalk Women Grey Pumps. Category: Shoes. Subcategory: Casual Shoes. Gender: Women. Color: Grey.,Fashion Product Images Small,Footwear,Shoes,Casual Shoes,Exact articleType: Casual Shoes
FP052029,52029,Just Natural Unisex Charcoal Rain Jacket,,Clothing,Jacket,Unisex,Coffee Brown,,images/FP052029.jpg,Product: Just Natural Unisex Charcoal Rain Jacket. Category: Clothing. Subcategory: Jacket. Gender: Unisex. Color: Coffee Brown.,Fashion Product Images Small,Apparel,Topwear,Rain Jacket,Exact articleType: Rain Jacket
FP052032,52032,Just Natural Unisex Red Rain Jacket,,Clothing,Jacket,Unisex,Red,,images/FP052032.jpg,Product: Just Natural Unisex Red Rain Jacket. Category: Clothing. Subcategory: Jacket. Gender: Unisex. Color: Red.,Fashion Product Images Small,Apparel,Topwear,Rain Jacket,Exact articleType: Rain Jacket
FP052043,52043,Just Natural Unisex Navy Blue Jacket,,Clothing,Jacket,Unisex,Navy Blue,,images/FP052043.jpg,Product: Just Natural Unisex Navy Blue Jacket. Category: Clothing. Subcategory: Jacket. Gender: Unisex. Color: Navy Blue.,Fashion Product Images Small,Apparel,Topwear,Rain Jacket,Exact articleType: Rain Jacket
FP052045,52045,Just Natural Unisex Black and Grey Reversible Rain Jacket,,Clothing,Jacket,Unisex,Black,,images/FP052045.jpg,Product: Just Natural Unisex Black and Grey Reversible Rain Jacket. Category: Clothing. Subcategory: Jacket. Gender: Unisex. Color: Black.,Fashion Product Images Small,Apparel,Topwear,Rain Jacket,Exact articleType: Rain Jacket
FP052057,52057,Myntra Men Green T-shirt,,Clothing,T-Shirt,Men,Green,,images/FP052057.jpg,Product: Myntra Men Green T-shirt. Category: Clothing. Subcategory: T-Shirt. Gender: Men. Color: Green.,Fashion Product Images Small,Apparel,Topwear,Tshirts,Tshirts
FP052059,52059,Myntra Men White T-shirt,,Clothing,T-Shirt,Men,White,,images/FP052059.jpg,Product: Myntra Men White T-shirt. Category: Clothing. Subcategory: T-Shirt. Gender: Men. Color: White.,Fashion Product Images Small,Apparel,Topwear,Tshirts,Tshirts
FP052062,52062,Myntra Men Red T-shirt,,Clothing,T-Shirt,Men,Red,,images/FP052062.jpg,Product: Myntra Men Red T-shirt. Category: Clothing. Subcategory: T-Shirt. Gender: Men. Color: Red.,Fashion Product Images Small,Apparel,Topwear,Tshirts,Tshirts
FP052151,52151,Femella Women Green Polo T-Shirt,,Clothing,Polo,Women,Green,,images/FP052151.jpg,Product: Femella Women Green Polo T-Shirt. Category: Clothing. Subcategory: Polo. Gender: Women. Color: Green.,Fashion Product Images Small,Apparel,Topwear,Tshirts,Tshirts + product name contains Polo
FP053111,53111,Myntra Men Yellow T-shirt,,Clothing,T-Shirt,Men,Yellow,,images/FP053111.jpg,Product: Myntra Men Yellow T-shirt. Category: Clothing. Subcategory: T-Shirt. Gender: Men. Color: Yellow.,Fashion Product Images Small,Apparel,Topwear,Tshirts,Tshirts
FP053122,53122,Myntra Women Grey T-shirt,,Clothing,T-Shirt,Women,Grey,,images/FP053122.jpg,Product: Myntra Women Grey T-shirt. Category: Clothing. Subcategory: T-Shirt. Gender: Women. Color: Grey.,Fashion Product Images Small,Apparel,Topwear,Tshirts,Tshirts
FP053436,53436,ADIDAS Men White Sports Shoes,,Shoes,Sports Shoes,Men,White,,images/FP053436.jpg,Product: ADIDAS Men White Sports Shoes. Category: Shoes. Subcategory: Sports Shoes. Gender: Men. Color: White.,Fashion Product Images Small,Footwear,Shoes,Sports Shoes,Exact articleType: Sports Shoes
FP053754,53754,ADIDAS Men Olive Chelsea FC Sweatshirt,,Clothing,Sweatshirt,Men,Olive,,images/FP053754.jpg,Product: ADIDAS Men Olive Chelsea FC Sweatshirt. Category: Clothing. Subcategory: Sweatshirt. Gender: Men. Color: Olive.,Fashion Product Images Small,Apparel,Topwear,Sweatshirts,Exact articleType: Sweatshirts
FP053793,53793,Puma Men Black Ferrari T-shirt,,Clothing,T-Shirt,Men,Black,,images/FP053793.jpg,Product: Puma Men Black Ferrari T-shirt. Category: Clothing. Subcategory: T-Shirt. Gender: Men. Color: Black.,Fashion Product Images Small,Apparel,Topwear,Tshirts,Tshirts
FP054526,54526,F Sports Men White Zero Gravity Sports Shoes,,Shoes,Sports Shoes,Men,White,,images/FP054526.jpg,Product: F Sports Men White Zero Gravity Sports Shoes. Category: Shoes. Subcategory: Sports Shoes. Gender: Men. Color: White.,Fashion Product Images Small,Footwear,Shoes,Sports Shoes,Exact articleType: Sports Shoes
FP054537,54537,F Sports Men White Deen Sports Shoes,,Shoes,Sports Shoes,Men,White,,images/FP054537.jpg,Product: F Sports Men White Deen Sports Shoes. Category: Shoes. Subcategory: Sports Shoes. Gender: Men. Color: White.,Fashion Product Images Small,Footwear,Shoes,Sports Shoes,Exact articleType: Sports Shoes
FP054538,54538,F Sports Men Black Falcon Shoes,,Shoes,Casual Shoes,Men,Black,,images/FP054538.jpg,Product: F Sports Men Black Falcon Shoes. Category: Shoes. Subcategory: Casual Shoes. Gender: Men. Color: Black.,Fashion Product Images Small,Footwear,Shoes,Casual Shoes,Exact articleType: Casual Shoes
FP054542,54542,F Sports Men White Hurricane Sports Shoes,,Shoes,Sports Shoes,Men,White,,images/FP054542.jpg,Product: F Sports Men White Hurricane Sports Shoes. Category: Shoes. Subcategory: Sports Shoes. Gender: Men. Color: White.,Fashion Product Images Small,Footwear,Shoes,Sports Shoes,Exact articleType: Sports Shoes
FP054740,54740,Vans Men Black Era Shoes,,Shoes,Casual Shoes,Men,Black,,images/FP054740.jpg,Product: Vans Men Black Era Shoes. Category: Shoes. Subcategory: Casual Shoes. Gender: Men. Color: Black.,Fashion Product Images Small,Footwear,Shoes,Casual Shoes,Exact articleType: Casual Shoes
FP054911,54911,Do u speak green Women Printed White T-shirt,,Clothing,T-Shirt,Women,White,,images/FP054911.jpg,Product: Do u speak green Women Printed White T-shirt. Category: Clothing. Subcategory: T-Shirt. Gender: Women. Color: White.,Fashion Product Images Small,Apparel,Topwear,Tshirts,Tshirts
FP056414,56414,GAS Men Brown Glade Sandals,,Shoes,Sandals,Men,Brown,,images/FP056414.jpg,Product: GAS Men Brown Glade Sandals. Category: Shoes. Subcategory: Sandals. Gender: Men. Color: Brown.,Fashion Product Images Small,Footwear,Sandal,Sandals,Exact articleType: Sandals
FP056660,56660,United Colors of Benetton Men Olive Shoes,,Shoes,Casual Shoes,Men,Olive,,images/FP056660.jpg,Product: United Colors of Benetton Men Olive Shoes. Category: Shoes. Subcategory: Casual Shoes. Gender: Men. Color: Olive.,Fashion Product Images Small,Footwear,Shoes,Casual Shoes,Exact articleType: Casual Shoes
FP057067,57067,Elle Women Green Retro Jacket,,Clothing,Jacket,Women,Green,,images/FP057067.jpg,Product: Elle Women Green Retro Jacket. Category: Clothing. Subcategory: Jacket. Gender: Women. Color: Green.,Fashion Product Images Small,Apparel,Topwear,Jackets,Exact articleType: Jackets
FP057069,57069,Elle Women Charcoal Waistcoat,,Clothing,Jacket,Women,Charcoal,,images/FP057069.jpg,Product: Elle Women Charcoal Waistcoat. Category: Clothing. Subcategory: Jacket. Gender: Women. Color: Charcoal.,Fashion Product Images Small,Apparel,Topwear,Jackets,Exact articleType: Jackets
FP057268,57268,The Amazing Spiderman Men Teal Printed T-shirt,,Clothing,T-Shirt,Men,Teal,,images/FP057268.jpg,Product: The Amazing Spiderman Men Teal Printed T-shirt. Category: Clothing. Subcategory: T-Shirt. Gender: Men. Color: Teal.,Fashion Product Images Small,Apparel,Topwear,Tshirts,Tshirts
FP057427,57427,Angry Birds Women Green T-shirt,,Clothing,T-Shirt,Women,Green,,images/FP057427.jpg,Product: Angry Birds Women Green T-shirt. Category: Clothing. Subcategory: T-Shirt. Gender: Women. Color: Green.,Fashion Product Images Small,Apparel,Topwear,Tshirts,Tshirts
FP057430,57430,Angry Birds Women Green T-shirt,,Clothing,T-Shirt,Women,Green,,images/FP057430.jpg,Product: Angry Birds Women Green T-shirt. Category: Clothing. Subcategory: T-Shirt. Gender: Women. Color: Green.,Fashion Product Images Small,Apparel,Topwear,Tshirts,Tshirts
FP057438,57438,Angry Birds Women Charcoal T-shirt,,Clothing,T-Shirt,Women,Charcoal,,images/FP057438.jpg,Product: Angry Birds Women Charcoal T-shirt. Category: Clothing. Subcategory: T-Shirt. Gender: Women. Color: Charcoal.,Fashion Product Images Small,Apparel,Topwear,Tshirts,Tshirts
FP057497,57497,Lee Cooper Men Tan Shoes,,Shoes,Casual Shoes,Men,Tan,,images/FP057497.jpg,Product: Lee Cooper Men Tan Shoes. Category: Shoes. Subcategory: Casual Shoes. Gender: Men. Color: Tan.,Fashion Product Images Small,Footwear,Shoes,Casual Shoes,Exact articleType: Casual Shoes
FP057503,57503,Lee Cooper Men Brown Sandals,,Shoes,Sandals,Men,Brown,,images/FP057503.jpg,Product: Lee Cooper Men Brown Sandals. Category: Shoes. Subcategory: Sandals. Gender: Men. Color: Brown.,Fashion Product Images Small,Footwear,Sandal,Sandals,Exact articleType: Sandals
FP057507,57507,Lee Cooper Men Black  Sandals,,Shoes,Sandals,Men,Black,,images/FP057507.jpg,Product: Lee Cooper Men Black  Sandals. Category: Shoes. Subcategory: Sandals. Gender: Men. Color: Black.,Fashion Product Images Small,Footwear,Sandal,Sandals,Exact articleType: Sandals
FP057513,57513,Provogue Men Brown Casual Shoes,,Shoes,Casual Shoes,Men,Brown,,images/FP057513.jpg,Product: Provogue Men Brown Casual Shoes. Category: Shoes. Subcategory: Casual Shoes. Gender: Men. Color: Brown.,Fashion Product Images Small,Footwear,Shoes,Casual Shoes,Exact articleType: Casual Shoes
FP057518,57518,Provogue Men Tan Brown Leather Casual Shoes,,Shoes,Casual Shoes,Men,Tan,,images/FP057518.jpg,Product: Provogue Men Tan Brown Leather Casual Shoes. Category: Shoes. Subcategory: Casual Shoes. Gender: Men. Color: Tan.,Fashion Product Images Small,Footwear,Shoes,Casual Shoes,Exact articleType: Casual Shoes
FP057946,57946,Clarks Men Brown Casual Shoes,,Shoes,Casual Shoes,Men,Brown,,images/FP057946.jpg,Product: Clarks Men Brown Casual Shoes. Category: Shoes. Subcategory: Casual Shoes. Gender: Men. Color: Brown.,Fashion Product Images Small,Footwear,Shoes,Casual Shoes,Exact articleType: Casual Shoes
FP058357,58357,Locomotive Men Brown T-shirt,,Clothing,T-Shirt,Men,Brown,,images/FP058357.jpg,Product: Locomotive Men Brown T-shirt. Category: Clothing. Subcategory: T-Shirt. Gender: Men. Color: Brown.,Fashion Product Images Small,Apparel,Topwear,Tshirts,Tshirts
FP058727,58727,Puma Women Purple T-shirt,,Clothing,T-Shirt,Women,Purple,,images/FP058727.jpg,Product: Puma Women Purple T-shirt. Category: Clothing. Subcategory: T-Shirt. Gender: Women. Color: Purple.,Fashion Product Images Small,Apparel,Topwear,Tshirts,Tshirts
FP059104,59104,Just Natural Men Brown Rain Jacket,,Clothing,Jacket,Men,Brown,,images/FP059104.jpg,Product: Just Natural Men Brown Rain Jacket. Category: Clothing. Subcategory: Jacket. Gender: Men. Color: Brown.,Fashion Product Images Small,Apparel,Topwear,Rain Jacket,Exact articleType: Rain Jacket
FP059118,59118,Just Natural Men Navy Blue Reversible Jacket,,Clothing,Jacket,Men,Navy Blue,,images/FP059118.jpg,Product: Just Natural Men Navy Blue Reversible Jacket. Category: Clothing. Subcategory: Jacket. Gender: Men. Color: Navy Blue.,Fashion Product Images Small,Apparel,Topwear,Jackets,Exact articleType: Jackets
FP059123,59123,Just Natural Men Black Jacket,,Clothing,Jacket,Men,Black,,images/FP059123.jpg,Product: Just Natural Men Black Jacket. Category: Clothing. Subcategory: Jacket. Gender: Men. Color: Black.,Fashion Product Images Small,Apparel,Topwear,Jackets,Exact articleType: Jackets
FP059124,59124,Just Natural Men Olive Jacket,,Clothing,Jacket,Men,Olive,,images/FP059124.jpg,Product: Just Natural Men Olive Jacket. Category: Clothing. Subcategory: Jacket. Gender: Men. Color: Olive.,Fashion Product Images Small,Apparel,Topwear,Jackets,Exact articleType: Jackets
FP059128,59128,Just Natural Men Olive Jacket,,Clothing,Jacket,Men,Olive,,images/FP059128.jpg,Product: Just Natural Men Olive Jacket. Category: Clothing. Subcategory: Jacket. Gender: Men. Color: Olive.,Fashion Product Images Small,Apparel,Topwear,Jackets,Exact articleType: Jackets
FP059129,59129,Just Natural Men Black Jacket,,Clothing,Jacket,Men,Black,,images/FP059129.jpg,Product: Just Natural Men Black Jacket. Category: Clothing. Subcategory: Jacket. Gender: Men. Color: Black.,Fashion Product Images Small,Apparel,Topwear,Jackets,Exact articleType: Jackets
FP059131,59131,Just Natural Men Brown Jacket,,Clothing,Jacket,Men,Brown,,images/FP059131.jpg,Product: Just Natural Men Brown Jacket. Category: Clothing. Subcategory: Jacket. Gender: Men. Color: Brown.,Fashion Product Images Small,Apparel,Topwear,Jackets,Exact articleType: Jackets
FP059396,59396,Gliders Men Charcoal Shoes,,Shoes,Casual Shoes,Men,Charcoal,,images/FP059396.jpg,Product: Gliders Men Charcoal Shoes. Category: Shoes. Subcategory: Casual Shoes. Gender: Men. Color: Charcoal.,Fashion Product Images Small,Footwear,Shoes,Casual Shoes,Exact articleType: Casual Shoes
FP059418,59418,Tokyo Talkies Women Orange T-shirt,,Clothing,T-Shirt,Women,Orange,,images/FP059418.jpg,Product: Tokyo Talkies Women Orange T-shirt. Category: Clothing. Subcategory: T-Shirt. Gender: Women. Color: Orange.,Fashion Product Images Small,Apparel,Topwear,Tshirts,Tshirts
